sec,transitions
1,840
2,928
3,936
4,936
5,930
6,932
7,924
8,936
9,954
10,944
11,928
12,936
13,932
14,930
15,932
16,928
17,920
18,914
19,924
20,920
21,944
22,944
23,934
24,927
25,954
26,944
27,930
28,950
29,926
30,944
31,936
32,928
33,934
34,948
35,934
36,932
37,940
38,942
39,924
40,924
41,936
42,934
43,940
44,924
45,936
46,868
47,930
48,918
49,928
50,936
51,920
52,930
53,924
54,912
55,934
56,941
57,930
58,922
59,936
60,922
61,935
62,932
63,956
64,944
65,942
66,914
67,952
68,920
69,942
70,922
71,944
72,920
73,912
74,916
75,926
76,922
77,940
78,921
79,922
80,928
81,930
82,934
83,930
84,932
85,922
86,946
87,922
88,938
89,924
90,904
91,923
92,926
93,932
94,922
95,942
96,936
97,928
98,914
99,942
100,920
101,929
102,940
103,930
104,838
105,930
106,924
107,942
108,931
109,938
110,916
111,944
112,906
113,926
114,936
115,936
116,932
117,924
118,942
119,936
120,931
121,934
122,920
123,938
124,928
125,942
126,932
127,930
128,928
129,938
130,934
131,926
132,936
133,936
134,940
135,952
136,906
137,934
138,944
139,924
140,946
141,942
142,942
143,928
144,936
145,924
146,920
147,864
148,946
149,916
150,934
151,926
152,944
153,938
154,924
155,934
156,940
157,922
158,926
159,927
160,912
161,926
162,942
163,932
164,934
165,922
166,935
167,930
168,910
169,936
170,936
171,922
172,932
173,916
174,938
175,920
176,916
177,932
178,912
179,930
180,922
181,942
182,932
183,936
184,935
185,920
186,926
187,954
188,944
189,928
190,930
191,934
192,916
193,936
194,924
195,930
196,948
197,932
198,914
199,942
200,942
201,920
202,948
203,938
204,922
205,922
206,936
207,852
208,922
209,926
210,942
211,944
212,928
213,945
214,934
215,930
216,950
217,958
218,930
219,930
220,938
221,916
222,946
223,922
224,938
225,908
226,929
227,924
228,930
229,934
230,926
231,952
232,916
233,928
234,928
235,936
236,920
237,938
238,936
239,944
240,924
241,938
242,910
243,932
244,950
245,938
246,930
247,926
248,850
249,920
250,932
251,945
252,938
253,918
254,908
255,940
256,932
257,912
258,926
259,936
260,904
261,920
262,914
263,930
264,932
265,966
266,934
267,914
268,916
269,919
270,926
271,918
272,928
273,948
274,908
275,938
276,918
277,940
278,934
279,956
280,918
281,926
282,936
283,938
284,942
285,944
286,913
287,940
288,945
289,916
290,934
291,938
292,914
293,922
294,930
295,938
296,932
297,934
298,946
299,924
300,940
301,936
302,928
303,924
304,910
305,916
306,946
307,946
308,934
309,928
310,842
311,930
312,934
313,926
314,920
315,922
316,912
317,926
318,918
319,922
320,934
321,932
322,929
323,936
324,926
325,952
326,922
327,930
328,934
329,948
330,950
331,914
332,928
333,940
334,940
335,924
336,922
337,923
338,936
339,934
340,932
341,924
342,938
343,930
344,938
345,920
346,934
347,944
348,940
349,842
350,948
351,926
352,912
353,934
354,926
355,926
356,929
357,914
358,928
359,946
360,922
361,936
362,934
363,912
364,938
365,914
366,945
367,936
368,940
369,936
370,930
371,936
372,936
373,944
374,926
375,925
376,922
377,916
378,924
379,936
380,930
381,930
382,920
383,930
384,912
385,926
386,940
387,930
388,948
389,940
390,925
391,930
392,926
393,918
394,934
395,924
396,912
397,934
398,922
399,942
400,908
401,938
402,928
403,908
404,948
405,920
406,932
407,912
408,934
409,934
410,936
411,924
412,942
413,840
414,928
415,912
416,906
417,924
418,918
419,916
420,911
421,958
422,928
423,898
424,946
425,918
426,910
427,918
428,942
429,950
430,930
431,930
432,946
433,928
434,940
435,952
436,940
437,940
438,924
439,944
440,926
441,942
442,932
443,926
444,934
445,942
446,946
447,932
448,923
449,944
450,844
451,932
452,924
453,947
454,923
455,916
456,946
457,910
458,932
459,910
460,932
461,936
462,926
463,934
464,928
465,914
466,928
467,956
468,898
469,924
470,925
471,956
472,940
473,950
474,942
475,922
476,918
477,926
478,922
479,926
480,929
481,939
482,932
483,916
484,928
485,928
486,928
487,928
488,908
489,926
490,930
491,934
492,942
493,932
494,928
495,934
496,922
497,928
498,925
499,938
500,928
501,942
502,926
503,928
504,938
505,944
506,919
507,924
508,946
509,947
510,928
511,940
512,922
513,926
514,940
515,938
516,832
517,942
518,954
519,920
520,914
521,926
522,940
523,928
524,892
525,924
526,934
527,932
528,930
529,920
530,934
531,934
532,934
533,916
534,939
535,917
536,936
537,944
538,922
539,920
540,926
541,918
542,934
543,924
544,913
545,922
546,920
547,954
548,916
549,938
550,944
551,844
552,928
553,923
554,928
555,946
556,938
557,932
558,930
559,922
560,930
561,956
562,922
563,930
564,932
565,919
566,910
567,918
568,950
569,900
570,942
571,912
572,937
573,930
574,920
575,934
576,932
577,916
578,930
579,912
580,928
581,940
582,928
583,917
584,920
585,942
586,924
587,938
588,936
589,928
590,926
591,930
592,932
593,931
594,928
595,926
596,930
597,940
598,921
599,926
600,940
601,940
602,926
603,934
604,914
605,916
606,936
607,922
608,929
609,924
610,940
611,942
612,936
613,920
614,928
615,920
616,954
617,934
618,924
619,820
620,934
621,930
622,909
623,948
624,922
625,924
626,944
627,916
628,936
629,941
630,930
631,922
632,928
633,950
634,926
635,928
636,928
637,934
638,942
639,946
640,944
641,918
642,932
643,944
644,924
645,924
646,912
647,928
648,934
649,926
650,948
651,914
652,834
653,938
654,942
655,936
656,932
657,926
658,918
659,932
660,932
661,944
662,934
663,936
664,936
665,904
666,934
667,930
668,906
669,918
670,932
671,916
672,926
673,932
674,932
675,948
676,934
677,908
678,920
679,936
680,940
681,933
682,933
683,930
684,910
685,917
686,908
687,926
688,926
689,926
690,904
691,932
692,924
693,930
694,918
695,942
696,926
697,940
698,935
699,942
700,934
701,942
702,936
703,936
704,938
705,956
706,938
707,940
708,920
709,956
710,920
711,928
712,922
713,932
714,932
715,930
716,916
717,920
718,910
719,940
720,934
721,920
722,834
723,938
724,932
725,918
726,926
727,936
728,934
729,926
730,910
731,906
732,922
733,926
734,928
735,926
736,924
737,933
738,932
739,917
740,920
741,930
742,921
743,936
744,922
745,942
746,916
747,926
748,946
749,949
750,932
751,935
752,934
753,876
754,942
755,937
756,930
757,918
758,954
759,918
760,924
761,916
762,922
763,928
764,912
765,938
766,940
767,946
768,930
769,914
770,926
771,920
772,924
773,922
774,932
775,926
776,930
777,930
778,923
779,910
780,930
781,904
782,948
783,952
784,918
785,924
786,910
787,930
788,922
789,932
790,928
791,926
792,912
793,938
794,936
795,918
796,938
797,916
798,944
799,940
800,902
801,924
802,946
803,930
804,932
805,946
806,944
807,933
808,917
809,942
810,922
811,910
812,924
813,954
814,932
815,920
816,934
817,934
818,936
819,926
820,922
821,940
822,936
823,938
824,926
825,850
826,946
827,918
828,942
829,934
830,920
831,924
832,923
833,936
834,924
835,941
836,933
837,932
838,932
839,918
840,936
841,954
842,932
843,940
844,938
845,918
846,944
847,932
848,922
849,932
850,928
851,932
852,950
853,939
854,832
855,924
856,946
857,926
858,920
859,923
860,918
861,940
862,934
863,940
864,936
865,912
866,922
867,922
868,930
869,930
870,923
871,922
872,928
873,932
874,938
875,906
876,923
877,922
878,938
879,934
880,924
881,940
882,908
883,926
884,930
885,940
886,942
887,954
888,934
889,930
890,936
891,940
892,930
893,924
894,950
895,932
896,930
897,920
898,932
899,904
900,952
901,948
902,906
903,912
904,926
905,924
906,935
907,930
908,939
909,956
910,926
911,925
912,942
913,914
914,913
915,944
916,938
917,930
918,943
919,936
920,944
921,938
922,922
923,944
924,920
925,922
926,942
927,935
928,852
929,912
930,901
931,926
932,926
933,934
934,950
935,928
936,932
937,946
938,924
939,940
940,916
941,938
942,918
943,934
944,957
945,938
946,938
947,918
948,914
949,934
950,920
951,954
952,922
953,952
954,916
955,814
956,925
957,928
958,930
959,948
960,906
961,936
962,938
963,898
964,936
965,910
966,936
967,916
968,934
969,938
970,926
971,942
972,931
973,918
974,940
975,932
976,924
977,929
978,904
979,930
980,924
981,932
982,954
983,908
984,934
985,936
986,952
987,925
988,920
989,914
990,932
991,944
992,940
993,930
994,922
995,922
996,936
997,933
998,954
999,932
1000,936
1001,940
1002,930
1003,932
1004,924
1005,920
1006,910
1007,940
1008,936
1009,940
1010,945
1011,938
1012,939
1013,928
1014,942
1015,930
1016,936
1017,930
1018,942
1019,918
1020,930
1021,920
1022,940
1023,932
1024,922
1025,918
1026,920
1027,924
1028,940
1029,922
1030,926
1031,840
1032,939
1033,924
1034,928
1035,910
1036,926
1037,942
1038,910
1039,926
1040,906
1041,938
1042,928
1043,936
1044,918
1045,934
1046,942
1047,932
1048,924
1049,936
1050,940
1051,932
1052,926
1053,960
1054,945
1055,934
1056,850
1057,932
1058,940
1059,920
1060,936
1061,934
1062,932
1063,948
1064,948
1065,934
1066,937
1067,922
1068,924
1069,932
1070,940
1071,913
1072,940
1073,938
1074,926
1075,936
1076,942
1077,938
1078,906
1079,928
1080,916
1081,926
1082,918
1083,926
1084,930
1085,938
1086,910
1087,914
1088,917
1089,942
1090,936
1091,942
1092,920
1093,947
1094,944
1095,926
1096,938
1097,936
1098,928
1099,916
1100,942
1101,948
1102,934
1103,927
1104,922
1105,938
1106,930
1107,922
1108,930
1109,914
1110,932
1111,916
1112,946
1113,933
1114,944
1115,940
1116,941
1117,938
1118,914
1119,913
1120,918
1121,930
1122,942
1123,924
1124,928
1125,934
1126,928
1127,924
1128,924
1129,938
1130,910
1131,932
1132,916
1133,934
1134,846
1135,938
1136,932
1137,930
1138,928
1139,928
1140,920
1141,922
1142,920
1143,946
1144,946
1145,934
1146,920
1147,946
1148,920
1149,926
1150,956
1151,930
1152,937
1153,944
1154,924
1155,934
1156,934
1157,836
1158,936
1159,942
1160,904
1161,902
1162,938
1163,936
1164,932
1165,938
1166,936
1167,958
1168,922
1169,920
1170,956
1171,932
1172,919
1173,928
1174,936
1175,942
1176,942
1177,924
1178,908
1179,934
1180,926
1181,934
1182,932
1183,922
1184,930
1185,913
1186,930
1187,912
1188,944
1189,922
1190,934
1191,928
1192,947
1193,926
1194,950
1195,934
1196,908
1197,926
1198,938
1199,908
1200,926
1201,924
1202,918
1203,918
1204,930
1205,928
1206,934
1207,936
1208,931
1209,932
1210,934
1211,928
1212,918
1213,930
1214,914
1215,940
1216,930
1217,938
1218,936
1219,932
1220,934
1221,935
1222,918
1223,926
1224,928
1225,920
1226,920
1227,942
1228,946
1229,924
1230,932
1231,925
1232,933
1233,944
1234,924
1235,920
1236,916
1237,848
1238,938
1239,944
1240,932
1241,936
1242,930
1243,924
1244,944
1245,922
1246,920
1247,911
1248,936
1249,918
1250,912
1251,942
1252,934
1253,950
1254,928
1255,928
1256,922
1257,926
1258,826
1259,924
1260,920
1261,930
1262,934
1263,928
1264,908
1265,922
1266,920
1267,932
1268,932
1269,920
1270,930
1271,910
1272,940
1273,948
1274,916
1275,922
1276,936
1277,916
1278,930
1279,930
1280,936
1281,944
1282,945
1283,944
1284,920
1285,936
1286,930
1287,922
1288,924
1289,936
1290,932
1291,950
1292,926
1293,944
1294,924
1295,926
1296,928
1297,914
1298,930
1299,936
1300,934
1301,936
1302,928
1303,926
1304,939
1305,935
1306,940
1307,926
1308,938
1309,936
1310,932
1311,920
1312,920
1313,938
1314,922
1315,932
1316,934
1317,928
1318,921
1319,922
1320,929
1321,936
1322,926
1323,922
1324,931
1325,914
1326,929
1327,932
1328,932
1329,943
1330,934
1331,935
1332,927
1333,938
1334,918
1335,920
1336,912
1337,930
1338,940
1339,940
1340,837
1341,933
1342,904
1343,936
1344,928
1345,928
1346,916
1347,947
1348,932
1349,914
1350,923
1351,922
1352,914
1353,928
1354,918
1355,938
1356,934
1357,935
1358,930
1359,834
1360,931
1361,938
1362,946
1363,926
1364,930
1365,916
1366,924
1367,932
1368,928
1369,916
1370,934
1371,932
1372,900
1373,928
1374,926
1375,916
1376,929
1377,934
1378,918
1379,958
1380,918
1381,918
1382,930
1383,940
1384,922
1385,916
1386,942
1387,926
1388,923
1389,920
1390,940
1391,920
1392,940
1393,928
1394,945
1395,922
1396,918
1397,956
1398,926
1399,944
1400,950
1401,928
1402,918
1403,954
1404,952
1405,914
1406,946
1407,938
1408,934
1409,924
1410,936
1411,901
1412,930
1413,926
1414,928
1415,934
1416,938
1417,938
1418,926
1419,930
1420,912
1421,931
1422,938
1423,922
1424,942
1425,932
1426,936
1427,946
1428,928
1429,931
1430,922
1431,924
1432,926
1433,930
1434,946
1435,927
1436,928
1437,934
1438,932
1439,940
1440,925
1441,934
1442,928
1443,804
1444,946
1445,927
1446,940
1447,936
1448,942
1449,934
1450,930
1451,920
1452,898
1453,926
1454,936
1455,916
1456,918
1457,918
1458,934
1459,952
1460,832
1461,930
1462,930
1463,930
1464,938
1465,924
1466,938
1467,926
1468,926
1469,922
1470,948
1471,922
1472,944
1473,928
1474,926
1475,908
1476,930
1477,930
1478,930
1479,936
1480,930
1481,920
1482,938
1483,946
1484,932
1485,938
1486,934
1487,924
1488,918
1489,936
1490,920
1491,916
1492,912
1493,922
1494,922
1495,944
1496,924
1497,948
1498,930
1499,940
1500,930
1501,936
1502,926
1503,934
1504,926
1505,934
1506,932
1507,938
1508,920
1509,928
1510,930
1511,932
1512,934
1513,928
1514,904
1515,918
1516,936
1517,928
1518,936
1519,942
1520,936
1521,950
1522,922
1523,944
1524,938
1525,922
1526,942
1527,930
1528,928
1529,940
1530,929
1531,920
1532,930
1533,930
1534,924
1535,944
1536,924
1537,932
1538,924
1539,922
1540,908
1541,930
1542,920
1543,940
1544,936
1545,910
1546,834
1547,920
1548,946
1549,924
1550,933
1551,908
1552,950
1553,924
1554,939
1555,928
1556,918
1557,920
1558,910
1559,922
1560,918
1561,800
1562,936
1563,932
1564,918
1565,942
1566,922
1567,932
1568,922
1569,922
1570,942
1571,914
1572,928
1573,926
1574,912
1575,924
1576,928
1577,922
1578,934
1579,930
1580,918
1581,930
1582,934
1583,930
1584,914
1585,932
1586,927
1587,932
1588,926
1589,924
1590,926
1591,944
1592,942
1593,920
1594,931
1595,932
1596,944
1597,932
1598,938
1599,916
1600,926
1601,944
1602,932
1603,917
1604,948
1605,928
1606,952
1607,948
1608,934
1609,928
1610,930
1611,920
1612,930
1613,908
1614,926
1615,924
1616,934
1617,922
1618,909
1619,930
1620,934
1621,920
1622,922
1623,938
1624,924
1625,950
1626,944
1627,924
1628,942
1629,924
1630,918
1631,918
1632,940
1633,942
1634,934
1635,922
1636,932
1637,942
1638,922
1639,918
1640,922
1641,958
1642,922
1643,920
1644,922
1645,922
1646,923
1647,922
1648,938
1649,828
1650,950
1651,928
1652,924
1653,926
1654,934
1655,930
1656,912
1657,937
1658,927
1659,926
1660,928
1661,922
1662,848
1663,922
1664,950
1665,914
1666,918
1667,912
1668,939
1669,944
1670,926
1671,928
1672,902
1673,928
1674,940
1675,936
1676,936
1677,930
1678,938
1679,936
1680,924
1681,936
1682,920
1683,932
1684,942
1685,928
1686,936
1687,916
1688,940
1689,946
1690,918
1691,920
1692,944
1693,947
1694,930
1695,940
1696,916
1697,934
1698,938
1699,948
1700,908
1701,930
1702,928
1703,934
1704,916
1705,940
1706,930
1707,940
1708,944
1709,922
1710,940
1711,942
1712,932
1713,916
1714,934
1715,936
1716,918
1717,922
1718,934
1719,920
1720,926
1721,918
1722,954
1723,918
1724,926
1725,936
1726,934
1727,951
1728,924
1729,944
1730,938
1731,938
1732,934
1733,918
1734,934
1735,930
1736,900
1737,902
1738,918
1739,938
1740,948
1741,914
1742,954
1743,912
1744,938
1745,940
1746,920
1747,922
1748,948
1749,940
1750,940
1751,932
1752,844
1753,926
1754,958
1755,904
1756,938
1757,927
1758,936
1759,930
1760,938
1761,944
1762,946
1763,852
1764,902
1765,934
1766,918
1767,918
1768,940
1769,916
1770,936
1771,932
1772,927
1773,934
1774,941
1775,926
1776,924
1777,934
1778,928
1779,918
1780,944
1781,954
1782,930
1783,950
1784,924
1785,948
1786,924
1787,916
1788,949
1789,922
1790,920
1791,932
1792,944
1793,934
1794,936
1795,954
1796,928
1797,942
1798,926
1799,952
1800,910
1801,928
1802,922
1803,930
1804,938
1805,932
1806,919
1807,938
1808,924
1809,926
1810,920
1811,926
1812,922
1813,948
1814,912
1815,924
1816,911
1817,918
1818,924
1819,924
1820,918
1821,930
1822,915
1823,914
1824,936
1825,912
1826,930
1827,948
1828,932
1829,930
1830,942
1831,904
1832,926
1833,924
1834,936
1835,906
1836,940
1837,946
1838,966
1839,944
1840,928
1841,930
1842,935
1843,944
1844,942
1845,944
1846,934
1847,919
1848,916
1849,928
1850,946
1851,926
1852,920
1853,932
1854,938
1855,850
1856,940
1857,932
1858,946
1859,966
1860,926
1861,937
1862,944
1863,932
1864,846
1865,952
1866,942
1867,918
1868,930
1869,936
1870,928
1871,946
1872,916
1873,920
1874,928
1875,944
1876,926
1877,942
1878,926
1879,906
1880,923
1881,928
1882,938
1883,936
1884,948
1885,916
1886,948
1887,924
1888,934
1889,952
1890,932
1891,929
1892,922
1893,946
1894,920
1895,924
1896,926
1897,938
1898,940
1899,904
1900,912
1901,927
1902,906
1903,926
1904,922
1905,924
1906,932
1907,926
1908,924
1909,932
1910,952
1911,933
1912,942
1913,924
1914,912
1915,920
1916,922
1917,946
1918,914
1919,936
1920,936
1921,918
1922,918
1923,922
1924,934
1925,923
1926,914
1927,926
1928,938
1929,944
1930,928
1931,926
1932,930
1933,928
1934,938
1935,950
1936,928
1937,928
1938,918
1939,936
1940,926
1941,953
1942,944
1943,946
1944,922
1945,912
1946,936
1947,932
1948,914
1949,937
1950,938
1951,927
1952,930
1953,940
1954,934
1955,932
1956,944
1957,924
1958,822
1959,920
1960,946
1961,938
1962,934
1963,933
1964,927
1965,850
1966,922
1967,930
1968,938
1969,930
1970,910
1971,920
1972,928
1973,924
1974,936
1975,934
1976,944
1977,922
1978,916
1979,932
1980,930
1981,916
1982,928
1983,946
1984,940
1985,940
1986,916
1987,948
1988,910
1989,938
1990,934
1991,926
1992,939
1993,922
1994,946
1995,922
1996,957
1997,936
1998,930
1999,934
2000,948
2001,928
2002,924
2003,950
2004,940
2005,942
2006,922
2007,920
2008,902
2009,906
2010,930
2011,926
2012,934
2013,932
2014,930
2015,950
2016,932
2017,936
2018,940
2019,946
2020,942
2021,926
2022,936
2023,916
2024,934
2025,920
2026,946
2027,926
2028,946
2029,919
2030,929
2031,945
2032,924
2033,931
2034,936
2035,934
2036,920
2037,928
2038,938
2039,922
2040,936
2041,920
2042,913
2043,923
2044,938
2045,928
2046,919
2047,936
2048,936
2049,946
2050,943
2051,932
2052,948
2053,926
2054,926
2055,926
2056,932
2057,926
2058,938
2059,936
2060,922
2061,858
2062,936
2063,924
2064,948
2065,940
2066,860
2067,930
2068,930
2069,942
2070,931
2071,918
2072,936
2073,922
2074,932
2075,916
2076,938
2077,938
2078,940
2079,930
2080,940
2081,926
2082,934
2083,932
2084,952
2085,922
2086,912
2087,918
2088,924
2089,956
2090,918
2091,924
2092,936
2093,944
2094,925
2095,936
2096,926
2097,929
2098,919
2099,926
2100,948
2101,939
2102,928
2103,920
2104,940
2105,916
2106,948
2107,924
2108,925
2109,928
2110,930
2111,934
2112,922
2113,924
2114,939
2115,942
2116,931
2117,910
2118,922
2119,944
2120,938
2121,920
2122,916
2123,924
2124,922
2125,932
2126,930
2127,932
2128,916
2129,941
2130,928
2131,932
2132,916
2133,922
2134,941
2135,938
2136,926
2137,924
2138,940
2139,922
2140,920
2141,934
2142,924
2143,914
2144,948
2145,940
2146,934
2147,918
2148,928
2149,922
2150,926
2151,945
2152,922
2153,927
2154,926
2155,926
2156,927
2157,938
2158,928
2159,932
2160,936
2161,942
2162,940
2163,938
2164,822
2165,930
2166,929
2167,850
2168,954
2169,922
2170,920
2171,940
2172,954
2173,932
2174,918
2175,936
2176,921
2177,931
2178,918
2179,948
2180,926
2181,934
2182,940
2183,918
2184,912
2185,922
2186,929
2187,936
2188,932
2189,924
2190,928
2191,946
2192,934
2193,912
2194,942
2195,930
2196,948
2197,928
2198,934
2199,926
2200,951
2201,936
2202,940
2203,946
2204,924
2205,934
2206,930
2207,924
2208,926
2209,951
2210,926
2211,918
2212,922
2213,936
2214,932
2215,924
2216,944
2217,916
2218,916
2219,927
2220,932
2221,928
2222,948
2223,922
2224,936
2225,940
2226,937
2227,930
2228,940
2229,929
2230,936
2231,936
2232,926
2233,916
2234,924
2235,930
2236,928
2237,940
2238,922
2239,946
2240,936
2241,938
2242,908
2243,936
2244,934
2245,926
2246,922
2247,924
2248,928
2249,914
2250,938
2251,938
2252,920
2253,928
2254,924
2255,934
2256,930
2257,946
2258,942
2259,928
2260,926
2261,948
2262,948
2263,918
2264,948
2265,940
2266,925
2267,835
2268,812
2269,938
2270,954
2271,916
2272,906
2273,930
2274,939
2275,946
2276,924
2277,926
2278,934
2279,928
2280,928
2281,918
2282,928
2283,920
2284,926
2285,943
2286,931
2287,908
2288,942
2289,930
2290,934
2291,938
2292,936
2293,913
2294,936
2295,926
2296,932
2297,940
2298,922
2299,902
2300,940
2301,928
2302,922
2303,930
2304,936
2305,930
2306,932
2307,918
2308,919
2309,930
2310,928
2311,918
2312,942
2313,948
2314,908
2315,928
2316,934
2317,920
2318,900
2319,934
2320,924
2321,928
2322,928
2323,918
2324,938
2325,942
2326,928
2327,926
2328,938
2329,946
2330,938
2331,926
2332,928
2333,940
2334,940
2335,954
2336,950
2337,928
2338,924
2339,932
2340,916
2341,924
2342,916
2343,936
2344,916
2345,942
2346,928
2347,916
2348,926
2349,926
2350,926
2351,908
2352,920
2353,946
2354,929
2355,936
2356,922
2357,918
2358,950
2359,940
2360,956
2361,933
2362,934
2363,916
2364,924
2365,922
2366,944
2367,930
2368,916
2369,832
2370,816
2371,932
2372,906
2373,918
2374,932
2375,934
2376,916
2377,922
2378,918
2379,930
2380,943
2381,933
2382,926
2383,924
2384,928
2385,932
2386,938
2387,946
2388,940
2389,908
2390,896
2391,946
2392,939
2393,954
2394,930
2395,930
2396,918
2397,912
2398,940
2399,938
2400,922
2401,950
2402,924
2403,946
2404,926
2405,936
2406,942
2407,925
2408,918
2409,922
2410,924
2411,940
2412,914
2413,928
2414,924
2415,952
2416,912
2417,908
2418,936
2419,936
2420,926
2421,924
2422,932
2423,918
2424,934
2425,923
2426,924
2427,952
2428,918
2429,926
2430,952
2431,918
2432,928
2433,938
2434,934
2435,922
2436,918
2437,946
2438,932
2439,936
2440,918
2441,906
2442,924
2443,936
2444,931
2445,928
2446,938
2447,934
2448,944
2449,934
2450,934
2451,920
2452,926
2453,913
2454,936
2455,932
2456,924
2457,932
2458,922
2459,920
2460,934
2461,908
2462,932
2463,898
2464,940
2465,922
2466,934
2467,919
2468,934
2469,938
2470,844
2471,930
2472,932
2473,810
2474,936
2475,906
2476,940
2477,938
2478,914
2479,920
2480,916
2481,934
2482,918
2483,914
2484,925
2485,942
2486,916
2487,918
2488,928
2489,948
2490,931
2491,946
2492,952
2493,932
2494,946
2495,926
2496,916
2497,932
2498,927
2499,934
2500,930
2501,932
2502,913
2503,942
2504,908
2505,954
2506,942
2507,934
2508,920
2509,942
2510,936
2511,934
2512,912
2513,928
2514,924
2515,920
2516,944
2517,924
2518,940
2519,928
2520,918
2521,924
2522,915
2523,944
2524,924
2525,922
2526,924
2527,920
2528,934
2529,942
2530,928
2531,940
2532,924
2533,930
2534,916
2535,922
2536,931
2537,916
2538,948
2539,934
2540,912
2541,915
2542,943
2543,938
2544,909
2545,946
2546,933
2547,940
2548,928
2549,958
2550,940
2551,944
2552,927
2553,932
2554,934
2555,942
2556,938
2557,934
2558,940
2559,918
2560,922
2561,928
2562,938
2563,938
2564,926
2565,927
2566,943
2567,926
2568,948
2569,932
2570,922
2571,826
2572,926
2573,938
2574,930
2575,926
2576,830
2577,944
2578,926
2579,906
2580,919
2581,918
2582,930
2583,924
2584,920
2585,916
2586,940
2587,936
2588,912
2589,936
2590,914
2591,938
2592,934
2593,942
2594,928
2595,936
2596,932
2597,922
2598,910
2599,920
2600,938
2601,940
2602,933
2603,930
2604,930
2605,910
2606,936
2607,948
2608,940
2609,914
2610,938
2611,922
2612,920
2613,928
2614,922
2615,934
2616,936
2617,955
2618,926
2619,926
2620,922
2621,950
2622,912
2623,912
2624,918
2625,950
2626,918
2627,906
2628,942
2629,920
2630,940
2631,916
2632,936
2633,931
2634,924
2635,943
2636,942
2637,936
2638,944
2639,936
2640,924
2641,924
2642,946
2643,928
2644,932
2645,926
2646,942
2647,908
2648,934
2649,930
2650,922
2651,924
2652,942
2653,932
2654,912
2655,930
2656,928
2657,939
2658,941
2659,936
2660,934
2661,920
2662,930
2663,940
2664,916
2665,936
2666,916
2667,938
2668,918
2669,928
2670,930
2671,928
2672,834
2673,927
2674,936
2675,930
2676,924
2677,952
2678,940
2679,836
2680,909
2681,934
2682,924
2683,942
2684,941
2685,938
2686,924
2687,938
2688,922
2689,938
2690,944
2691,934
2692,924
2693,950
2694,946
2695,928
2696,932
2697,944
2698,930
2699,956
2700,938
2701,928
2702,928
2703,934
2704,920
2705,918
2706,954
2707,942
2708,936
2709,932
2710,928
2711,922
2712,946
2713,933
2714,936
2715,932
2716,949
2717,950
2718,942
2719,930
2720,924
2721,938
2722,938
2723,911
2724,946
2725,936
2726,938
2727,926
2728,932
2729,940
2730,934
2731,940
2732,920
2733,940
2734,932
2735,930
2736,936
2737,938
2738,926
2739,932
2740,934
2741,942
2742,950
2743,930
2744,919
2745,934
2746,931
2747,940
2748,930
2749,952
2750,908
2751,928
2752,912
2753,932
2754,912
2755,936
2756,930
2757,922
2758,922
2759,922
2760,924
2761,932
2762,942
2763,934
2764,932
2765,938
2766,918
2767,932
2768,928
2769,960
2770,932
2771,937
2772,922
2773,850
2774,930
2775,942
2776,920
2777,938
2778,940
2779,942
2780,926
2781,932
2782,808
2783,936
2784,940
2785,919
2786,936
2787,938
2788,930
2789,926
2790,940
2791,926
2792,922
2793,930
2794,924
2795,940
2796,924
2797,930
2798,934
2799,922
2800,926
2801,926
2802,926
2803,915
2804,926
2805,928
2806,943
2807,942
2808,950
2809,922
2810,936
2811,922
2812,916
2813,934
2814,927
2815,944
2816,950
2817,932
2818,938
2819,918
2820,912
2821,910
2822,948
2823,938
2824,942
2825,935
2826,912
2827,926
2828,920
2829,914
2830,922
2831,924
2832,926
2833,928
2834,928
2835,936
2836,908
2837,904
2838,920
2839,938
2840,920
2841,914
2842,924
2843,932
2844,916
2845,930
2846,943
2847,916
2848,930
2849,926
2850,944
2851,948
2852,942
2853,938
2854,922
2855,934
2856,934
2857,910
2858,914
2859,926
2860,930
2861,944
2862,940
2863,936
2864,946
2865,922
2866,944
2867,926
2868,934
2869,932
2870,930
2871,936
2872,934
2873,902
2874,860
2875,940
2876,938
2877,954
2878,926
2879,924
2880,926
2881,928
2882,914
2883,940
2884,922
2885,854
2886,906
2887,908
2888,954
2889,934
2890,908
2891,914
2892,927
2893,944
2894,930
2895,940
2896,954
2897,926
2898,930
2899,908
2900,934
2901,948
2902,900
2903,914
2904,943
2905,950
2906,928
2907,904
2908,924
2909,946
2910,922
2911,931
2912,942
2913,927
2914,933
2915,925
2916,952
2917,958
2918,949
2919,932
2920,920
2921,945
2922,920
2923,918
2924,924
2925,922
2926,939
2927,924
2928,944
2929,922
2930,938
2931,932
2932,926
2933,930
2934,914
2935,930
2936,908
2937,944
2938,932
2939,928
2940,922
2941,928
2942,940
2943,916
2944,920
2945,930
2946,924
2947,918
2948,924
2949,924
2950,902
2951,926
2952,928
2953,940
2954,944
2955,920
2956,930
2957,936
2958,938
2959,926
2960,926
2961,946
2962,928
2963,914
2964,922
2965,928
2966,941
2967,932
2968,928
2969,942
2970,930
2971,944
2972,942
2973,928
2974,936
2975,840
2976,938
2977,924
2978,946
2979,946
2980,920
2981,926
2982,904
2983,926
2984,921
2985,956
2986,922
2987,934
2988,818
2989,948
2990,914
2991,930
2992,941
2993,936
2994,950
2995,916
2996,932
2997,930
2998,940
2999,939
3000,926
3001,916
3002,918
3003,918
3004,949
3005,928
3006,934
3007,942
3008,926
3009,942
3010,926
3011,944
3012,912
3013,946
3014,936
3015,929
3016,938
3017,942
3018,940
3019,922
3020,928
3021,930
3022,934
3023,942
3024,943
3025,924
3026,918
3027,942
3028,914
3029,936
3030,902
3031,934
3032,920
3033,948
3034,930
3035,908
3036,924
3037,930
3038,928
3039,932
3040,914
3041,920
3042,941
3043,914
3044,930
3045,904
3046,918
3047,900
3048,914
3049,922
3050,934
3051,936
3052,924
3053,912
3054,933
3055,934
3056,926
3057,920
3058,924
3059,933
3060,929
3061,928
3062,924
3063,928
3064,948
3065,920
3066,922
3067,925
3068,954
3069,938
3070,932
3071,920
3072,915
3073,934
3074,908
3075,916
3076,818
3077,948
3078,950
3079,938
3080,928
3081,934
3082,930
3083,936
3084,923
3085,918
3086,924
3087,932
3088,935
3089,926
3090,938
3091,824
3092,912
3093,931
3094,922
3095,916
3096,935
3097,924
3098,934
3099,940
3100,924
3101,928
3102,912
3103,942
3104,940
3105,932
3106,940
3107,944
3108,918
3109,951
3110,926
3111,924
3112,942
3113,924
3114,930
3115,940
3116,924
3117,936
3118,928
3119,934
3120,942
3121,922
3122,924
3123,932
3124,946
3125,906
3126,926
3127,932
3128,926
3129,944
3130,926
3131,926
3132,938
3133,946
3134,928
3135,928
3136,934
3137,930
3138,940
3139,932
3140,924
3141,930
3142,934
3143,920
3144,916
3145,930
3146,920
3147,902
3148,938
3149,938
3150,913
3151,932
3152,926
3153,938
3154,921
3155,938
3156,922
3157,932
3158,948
3159,926
3160,904
3161,934
3162,896
3163,948
3164,918
3165,938
3166,934
3167,930
3168,926
3169,936
3170,920
3171,930
3172,928
3173,936
3174,928
3175,918
3176,926
3177,854
3178,926
3179,920
3180,928
3181,934
3182,926
3183,932
3184,920
3185,922
3186,924
3187,906
3188,948
3189,928
3190,914
3191,932
3192,938
3193,928
3194,844
3195,936
3196,933
3197,928
3198,934
3199,924
3200,926
3201,928
3202,932
3203,928
3204,932
3205,907
3206,940
3207,932
3208,918
3209,932
3210,924
3211,918
3212,924
3213,932
3214,928
3215,924
3216,914
3217,924
3218,960
3219,934
3220,938
3221,926
3222,940
3223,934
3224,926
3225,952
3226,940
3227,936
3228,920
3229,906
3230,936
3231,935
3232,922
3233,934
3234,932
3235,931
3236,946
3237,920
3238,914
3239,920
3240,924
3241,938
3242,928
3243,911
3244,945
3245,916
3246,920
3247,938
3248,942
3249,914
3250,938
3251,921
3252,944
3253,938
3254,930
3255,932
3256,922
3257,942
3258,919
3259,928
3260,920
3261,921
3262,942
3263,936
3264,940
3265,936
3266,906
3267,937
3268,938
3269,912
3270,926
3271,943
3272,928
3273,920
3274,922
3275,946
3276,942
3277,944
3278,848
3279,926
3280,938
3281,926
3282,926
3283,936
3284,938
3285,922
3286,936
3287,928
3288,938
3289,940
3290,926
3291,918
3292,952
3293,932
3294,934
3295,944
3296,940
3297,832
3298,920
3299,940
3300,946
3301,928
3302,928
3303,940
3304,921
3305,942
3306,916
3307,924
3308,942
3309,947
3310,948
3311,940
3312,933
3313,936
3314,934
3315,934
3316,932
3317,938
3318,924
3319,927
3320,934
3321,910
3322,930
3323,938
3324,916
3325,924
3326,930
3327,928
3328,944
3329,912
3330,932
3331,930
3332,934
3333,938
3334,914
3335,916
3336,926
3337,927
3338,930
3339,952
3340,930
3341,934
3342,934
3343,926
3344,906
3345,948
3346,928
3347,942
3348,928
3349,930
3350,929
3351,905
3352,914
3353,915
3354,914
3355,939
3356,918
3357,928
3358,938
3359,936
3360,942
3361,926
3362,928
3363,922
3364,908
3365,916
3366,914
3367,915
3368,924
3369,954
3370,944
3371,922
3372,926
3373,949
3374,938
3375,918
3376,936
3377,934
3378,924
3379,848
3380,920
3381,926
3382,936
3383,908
3384,956
3385,922
3386,920
3387,902
3388,922
3389,938
3390,932
3391,937
3392,918
3393,912
3394,910
3395,920
3396,936
3397,936
3398,952
3399,924
3400,850
3401,938
3402,920
3403,924
3404,926
3405,934
3406,918
3407,938
3408,944
3409,926
3410,928
3411,907
3412,916
3413,924
3414,916
3415,931
3416,956
3417,934
3418,928
3419,930
3420,932
3421,924
3422,922
3423,940
3424,926
3425,946
3426,942
3427,916
3428,937
3429,928
3430,938
3431,941
3432,932
3433,939
3434,922
3435,922
3436,944
3437,936
3438,942
3439,912
3440,926
3441,928
3442,946
3443,938
3444,938
3445,940
3446,918
3447,922
3448,932
3449,920
3450,918
3451,923
3452,918
3453,908
3454,936
3455,928
3456,938
3457,924
3458,944
3459,936
3460,944
3461,928
3462,928
3463,934
3464,908
3465,958
3466,935
3467,928
3468,934
3469,928
3470,930
3471,926
3472,930
3473,936
3474,908
3475,922
3476,940
3477,941
3478,902
3479,922
3480,828
3481,950
3482,936
3483,930
3484,950
3485,944
3486,934
3487,925
3488,917
3489,916
3490,920
3491,932
3492,936
3493,928
3494,942
3495,936
3496,938
3497,924
3498,944
3499,924
3500,930
3501,911
3502,916
3503,826
3504,948
3505,938
3506,932
3507,934
3508,924
3509,928
3510,934
3511,924
3512,916
3513,930
3514,932
3515,914
3516,930
3517,920
3518,930
3519,924
3520,934
3521,940
3522,928
3523,930
3524,922
3525,942
3526,940
3527,924
3528,938
3529,944
3530,930
3531,918
3532,927
3533,932
3534,922
3535,923
3536,926
3537,924
3538,936
3539,944
3540,942
3541,925
3542,924
3543,930
3544,954
3545,918
3546,906
3547,934
3548,958
3549,922
3550,960
3551,930
3552,920
3553,920
3554,924
3555,926
3556,920
3557,934
3558,922
3559,908
3560,926
3561,925
3562,944
3563,922
3564,916
3565,934
3566,944
3567,936
3568,918
3569,934
3570,914
3571,930
3572,946
3573,928
3574,926
3575,924
3576,938
3577,926
3578,920
3579,930
3580,922
3581,816
3582,926
3583,938
3584,916
3585,944
3586,904
3587,946
3588,928
3589,936
3590,920
3591,902
3592,926
3593,924
3594,912
3595,938
3596,948
3597,914
3598,922
3599,938
3600,920
3601,932
3602,934
3603,944
3604,922
3605,931
3606,814
3607,925
3608,914
3609,917
3610,948
3611,932
3612,932
3613,921
3614,918
3615,930
3616,932
3617,930
3618,932
3619,932
3620,924
3621,932
3622,940
3623,926
3624,946
3625,916
3626,932
3627,946
3628,946
3629,940
3630,946
3631,944
3632,926
3633,950
3634,933
3635,924
3636,926
3637,940
3638,930
3639,940
3640,927
3641,932
3642,940
3643,932
3644,944
3645,944
3646,932
3647,916
3648,934
3649,924
3650,928
3651,922
3652,930
3653,944
3654,924
3655,932
3656,930
3657,934
3658,922
3659,924
3660,942
3661,934
3662,938
3663,922
3664,924
3665,912
3666,936
3667,942
3668,942
3669,949
3670,940
3671,946
3672,912
3673,928
3674,932
3675,911
3676,926
3677,908
3678,936
3679,920
3680,894
3681,928
3682,858
3683,910
3684,928
3685,954
3686,950
3687,932
3688,906
3689,926
3690,930
3691,920
3692,920
3693,936
3694,918
3695,899
3696,932
3697,926
3698,922
3699,930
3700,931
3701,934
3702,942
3703,936
3704,926
3705,934
3706,940
3707,938
3708,926
3709,828
3710,904
3711,930
3712,942
3713,916
3714,934
3715,947
3716,922
3717,928
3718,906
3719,942
3720,942
3721,928
3722,934
3723,924
3724,922
3725,930
3726,938
3727,932
3728,936
3729,944
3730,926
3731,934
3732,928
3733,926
3734,897
3735,932
3736,940
3737,942
3738,916
3739,954
3740,924
3741,908
3742,952
3743,910
3744,918
3745,944
3746,934
3747,906
3748,928
3749,919
3750,948
3751,942
3752,940
3753,920
3754,938
3755,912
3756,928
3757,928
3758,928
3759,932
3760,933
3761,916
3762,933
3763,948
3764,924
3765,914
3766,940
3767,924
3768,948
3769,946
3770,930
3771,912
3772,922
3773,926
3774,948
3775,942
3776,920
3777,924
3778,924
3779,916
3780,925
3781,924
3782,932
3783,848
3784,954
3785,940
3786,944
3787,924
3788,922
3789,946
3790,928
3791,908
3792,944
3793,940
3794,926
3795,920
3796,916
3797,932
3798,922
3799,914
3800,936
3801,944
3802,934
3803,928
3804,938
3805,934
3806,918
3807,910
3808,918
3809,928
3810,943
3811,924
3812,848
3813,922
3814,934
3815,928
3816,926
3817,938
3818,942
3819,930
3820,926
3821,948
3822,932
3823,922
3824,932
3825,942
3826,928
3827,944
3828,934
3829,920
3830,934
3831,946
3832,924
3833,924
3834,922
3835,920
3836,924
3837,922
3838,918
3839,926
3840,946
3841,944
3842,936
3843,922
3844,942
3845,922
3846,936
3847,936
3848,918
3849,930
3850,939
3851,936
3852,930
3853,924
3854,918
3855,928
3856,912
3857,918
3858,938
3859,932
3860,920
3861,932
3862,936
3863,926
3864,942
3865,914
3866,933
3867,933
3868,938
3869,918
3870,930
3871,936
3872,930
3873,926
3874,926
3875,936
3876,928
3877,906
3878,940
3879,920
3880,938
3881,935
3882,920
3883,952
3884,842
3885,940
3886,918
3887,936
3888,950
3889,940
3890,920
3891,928
3892,916
3893,919
3894,936
3895,936
3896,938
3897,914
3898,932
3899,923
3900,924
3901,932
3902,944
3903,932
3904,918
3905,944
3906,948
3907,921
3908,952
3909,928
3910,926
3911,918
3912,930
3913,930
3914,903
3915,824
3916,943
3917,940
3918,916
3919,940
3920,942
3921,938
3922,950
3923,934
3924,940
3925,925
3926,930
3927,952
3928,920
3929,910
3930,936
3931,924
3932,928
3933,908
3934,940
3935,922
3936,924
3937,934
3938,954
3939,948
3940,916
3941,918
3942,941
3943,924
3944,932
3945,930
3946,945
3947,940
3948,928
3949,920
3950,927
3951,920
3952,943
3953,926
3954,932
3955,916
3956,946
3957,928
3958,918
3959,930
3960,934
3961,924
3962,938
3963,948
3964,926
3965,918
3966,924
3967,938
3968,924
3969,938
3970,915
3971,938
3972,924
3973,912
3974,940
3975,925
3976,926
3977,940
3978,936
3979,934
3980,912
3981,926
3982,932
3983,930
3984,920
3985,846
3986,926
3987,940
3988,922
3989,923
3990,922
3991,930
3992,938
3993,912
3994,923
3995,931
3996,938
3997,924
3998,918
3999,950
4000,932
4001,922
4002,936
4003,910
4004,928
4005,934
4006,929
4007,934
4008,934
4009,928
4010,912
4011,922
4012,938
4013,922
4014,920
4015,934
4016,918
4017,923
4018,832
4019,938
4020,940
4021,932
4022,940
4023,934
4024,920
4025,940
4026,906
4027,938
4028,942
4029,942
4030,934
4031,950
4032,944
4033,940
4034,948
4035,914
4036,918
4037,924
4038,954
4039,922
4040,924
4041,928
4042,932
4043,946
4044,934
4045,934
4046,950
4047,914
4048,908
4049,938
4050,936
4051,940
4052,938
4053,934
4054,936
4055,952
4056,925
4057,950
4058,927
4059,928
4060,932
4061,934
4062,904
4063,937
4064,929
4065,942
4066,928
4067,934
4068,913
4069,930
4070,921
4071,922
4072,936
4073,918
4074,936
4075,928
4076,940
4077,942
4078,926
4079,930
4080,918
4081,932
4082,923
4083,954
4084,940
4085,922
4086,850
4087,914
4088,928
4089,928
4090,938
4091,940
4092,918
4093,932
4094,926
4095,930
4096,932
4097,940
4098,956
4099,926
4100,948
4101,938
4102,928
4103,924
4104,936
4105,932
4106,916
4107,937
4108,950
4109,935
4110,924
4111,918
4112,932
4113,934
4114,914
4115,944
4116,930
4117,944
4118,934
4119,946
4120,934
4121,840
4122,936
4123,922
4124,923
4125,930
4126,926
4127,930
4128,940
4129,948
4130,930
4131,926
4132,918
4133,932
4134,938
4135,932
4136,936
4137,926
4138,936
4139,940
4140,948
4141,922
4142,948
4143,928
4144,946
4145,940
4146,940
4147,932
4148,926
4149,930
4150,927
4151,939
4152,960
4153,942
4154,924
4155,934
4156,926
4157,938
4158,934
4159,934
4160,916
4161,910
4162,926
4163,936
4164,934
4165,902
4166,926
4167,926
4168,926
4169,945
4170,932
4171,937
4172,940
4173,938
4174,926
4175,932
4176,928
4177,928
4178,928
4179,934
4180,944
4181,932
4182,932
4183,936
4184,928
4185,932
4186,944
4187,832
4188,920
4189,930
4190,944
4191,938
4192,922
4193,950
4194,934
4195,904
4196,922
4197,930
4198,958
4199,942
4200,938
4201,942
4202,956
4203,906
4204,938
4205,942
4206,916
4207,918
4208,932
4209,934
4210,930
4211,930
4212,942
4213,931
4214,954
4215,943
4216,936
4217,934
4218,944
4219,920
4220,934
4221,925
4222,932
4223,938
4224,834
4225,935
4226,916
4227,912
4228,934
4229,922
4230,942
4231,928
4232,918
4233,960
4234,946
4235,918
4236,928
4237,944
4238,914
4239,952
4240,938
4241,934
4242,922
4243,932
4244,943
4245,942
4246,935
4247,938
4248,934
4249,933
4250,938
4251,922
4252,930
4253,932
4254,942
4255,934
4256,926
4257,952
4258,920
4259,928
4260,958
4261,912
4262,916
4263,948
4264,918
4265,910
4266,940
4267,923
4268,936
4269,920
4270,920
4271,934
4272,948
4273,916
4274,926
4275,944
4276,926
4277,936
4278,928
4279,920
4280,948
4281,946
4282,934
4283,926
4284,932
4285,934
4286,914
4287,940
4288,846
4289,918
4290,930
4291,904
4292,916
4293,932
4294,930
4295,918
4296,942
4297,922
4298,912
4299,935
4300,932
4301,924
4302,942
4303,922
4304,922
4305,940
4306,942
4307,918
4308,930
4309,930
4310,942
4311,934
4312,938
4313,946
4314,930
4315,934
4316,918
4317,942
4318,918
4319,930
4320,944
4321,928
4322,934
4323,940
4324,926
4325,938
4326,946
4327,826
4328,918
4329,940
4330,948
4331,938
4332,946
4333,934
4334,910
4335,932
4336,932
4337,956
4338,940
4339,908
4340,912
4341,916
4342,906
4343,946
4344,930
4345,935
4346,942
4347,945
4348,936
4349,934
4350,934
4351,942
4352,928
4353,933
4354,943
4355,929
4356,922
4357,912
4358,946
4359,924
4360,918
4361,927
4362,904
4363,935
4364,936
4365,942
4366,940
4367,924
4368,944
4369,920
4370,941
4371,942
4372,926
4373,930
4374,922
4375,946
4376,928
4377,931
4378,938
4379,932
4380,929
4381,942
4382,938
4383,960
4384,936
4385,934
4386,936
4387,926
4388,944
4389,838
4390,926
4391,906
4392,920
4393,934
4394,908
4395,940
4396,932
4397,928
4398,922
4399,934
4400,941
4401,924
4402,915
4403,936
4404,939
4405,918
4406,938
4407,931
4408,936
4409,938
4410,916
4411,937
4412,930
4413,928
4414,912
4415,938
4416,924
4417,916
4418,928
4419,938
4420,926
4421,932
4422,944
4423,936
4424,924
4425,941
4426,938
4427,922
4428,934
4429,922
4430,830
4431,942
4432,940
4433,922
4434,936
4435,928
4436,921
4437,932
4438,936
4439,926
4440,934
4441,940
4442,918
4443,920
4444,938
4445,932
4446,929
4447,930
4448,956
4449,956
4450,910
4451,930
4452,918
4453,916
4454,937
4455,908
4456,918
4457,931
4458,944
4459,930
4460,918
4461,928
4462,914
4463,944
4464,930
4465,928
4466,924
4467,928
4468,938
4469,944
4470,930
4471,915
4472,938
4473,938
4474,924
4475,948
4476,930
4477,930
4478,940
4479,934
4480,912
4481,928
4482,935
4483,919
4484,928
4485,918
4486,924
4487,944
4488,942
4489,932
4490,837
4491,938
4492,930
4493,914
4494,920
4495,922
4496,916
4497,931
4498,940
4499,924
4500,948
4501,920
4502,928
4503,924
4504,946
4505,928
4506,935
4507,940
4508,912
4509,922
4510,936
4511,930
4512,942
4513,956
4514,920
4515,938
4516,928
4517,934
4518,926
4519,936
4520,948
4521,936
4522,928
4523,934
4524,937
4525,924
4526,960
4527,912
4528,918
4529,914
4530,944
4531,942
4532,936
4533,820
4534,930
4535,924
4536,928
4537,946
4538,940
4539,934
4540,950
4541,902
4542,930
4543,938
4544,956
4545,928
4546,932
4547,918
4548,936
4549,942
4550,916
4551,934
4552,924
4553,912
4554,905
4555,900
4556,933
4557,932
4558,928
4559,906
4560,946
4561,910
4562,938
4563,948
4564,944
4565,931
4566,932
4567,952
4568,918
4569,918
4570,932
4571,938
4572,926
4573,930
4574,920
4575,940
4576,923
4577,924
4578,936
4579,923
4580,922
4581,940
4582,910
4583,930
4584,916
4585,932
4586,921
4587,924
4588,924
4589,934
4590,928
4591,806
4592,928
4593,932
4594,924
4595,940
4596,930
4597,938
4598,936
4599,928
4600,928
4601,932
4602,918
4603,932
4604,928
4605,916
4606,922
4607,936
4608,922
4609,935
4610,972
4611,930
4612,924
4613,926
4614,956
4615,927
4616,918
4617,922
4618,928
4619,916
4620,915
4621,920
4622,946
4623,930
4624,925
4625,938
4626,928
4627,932
4628,944
4629,944
4630,918
4631,926
4632,928
4633,946
4634,928
4635,912
4636,850
4637,926
4638,932
4639,918
4640,954
4641,914
4642,927
4643,924
4644,930
4645,924
4646,922
4647,930
4648,934
4649,930
4650,918
4651,938
4652,926
4653,930
4654,928
4655,950
4656,920
4657,912
4658,932
4659,930
4660,940
4661,914
4662,924
4663,932
4664,934
4665,928
4666,950
4667,941
4668,922
4669,940
4670,918
4671,922
4672,948
4673,930
4674,930
4675,916
4676,934
4677,922
4678,920
4679,936
4680,916
4681,938
4682,920
4683,926
4684,938
4685,904
4686,938
4687,913
4688,936
4689,920
4690,952
4691,936
4692,848
4693,944
4694,947
4695,922
4696,946
4697,932
4698,940
4699,926
4700,918
4701,906
4702,934
4703,924
4704,934
4705,910
4706,940
4707,916
4708,918
4709,948
4710,932
4711,940
4712,936
4713,933
4714,928
4715,926
4716,918
4717,933
4718,906
4719,954
4720,938
4721,926
4722,938
4723,912
4724,922
4725,931
4726,940
4727,940
4728,932
4729,933
4730,932
4731,919
4732,924
4733,932
4734,934
4735,936
4736,936
4737,922
4738,926
4739,834
4740,928
4741,926
4742,936
4743,918
4744,935
4745,936
4746,932
4747,918
4748,938
4749,934
4750,930
4751,926
4752,946
4753,918
4754,926
4755,946
4756,940
4757,924
4758,936
4759,910
4760,936
4761,936
4762,922
4763,928
4764,920
4765,918
4766,924
4767,950
4768,928
4769,943
4770,937
4771,912
4772,934
4773,946
4774,938
4775,942
4776,938
4777,922
4778,938
4779,940
4780,938
4781,928
4782,942
4783,944
4784,922
4785,916
4786,928
4787,918
4788,906
4789,918
4790,926
4791,906
4792,925
4793,842
4794,938
4795,934
4796,932
4797,932
4798,924
4799,928
4800,932
4801,924
4802,948
4803,938
4804,928
4805,944
4806,929
4807,944
4808,930
4809,917
4810,936
4811,938
4812,924
4813,926
4814,928
4815,938
4816,934
4817,928
4818,946
4819,916
4820,934
4821,906
4822,934
4823,920
4824,955
4825,950
4826,942
4827,912
4828,908
4829,934
4830,928
4831,942
4832,932
4833,947
4834,942
4835,932
4836,946
4837,899
4838,920
4839,922
4840,918
4841,934
4842,836
4843,924
4844,904
4845,948
4846,948
4847,944
4848,908
4849,932
4850,928
4851,942
4852,938
4853,940
4854,940
4855,912
4856,934
4857,920
4858,948
4859,945
4860,934
4861,936
4862,958
4863,922
4864,932
4865,948
4866,928
4867,922
4868,926
4869,922
4870,936
4871,928
4872,930
4873,934
4874,938
4875,924
4876,916
4877,936
4878,936
4879,926
4880,958
4881,936
4882,932
4883,932
4884,946
4885,922
4886,938
4887,936
4888,920
4889,916
4890,938
4891,918
4892,922
4893,924
4894,831
4895,936
4896,936
4897,942
4898,920
4899,924
4900,924
4901,909
4902,930
4903,912
4904,930
4905,944
4906,940
4907,908
4908,935
4909,912
4910,940
4911,929
4912,930
4913,929
4914,928
4915,928
4916,928
4917,934
4918,914
4919,932
4920,918
4921,914
4922,920
4923,924
4924,938
4925,950
4926,940
4927,934
4928,938
4929,934
4930,922
4931,934
4932,927
4933,937
4934,942
4935,938
4936,960
4937,938
4938,916
4939,902
4940,925
4941,912
4942,928
4943,920
4944,926
4945,826
4946,912
4947,920
4948,934
4949,932
4950,943
4951,936
4952,924
4953,952
4954,942
4955,918
4956,939
4957,922
4958,916
4959,914
4960,908
4961,924
4962,940
4963,916
4964,928
4965,917
4966,914
4967,928
4968,930
4969,919
4970,926
4971,927
4972,936
4973,934
4974,942
4975,929
4976,938
4977,936
4978,932
4979,918
4980,920
4981,914
4982,926
4983,930
4984,944
4985,922
4986,942
4987,936
4988,920
4989,942
4990,932
4991,918
4992,928
4993,908
4994,900
4995,834
4996,935
4997,947
4998,918
4999,936
5000,932
5001,950
5002,938
5003,928
5004,922
5005,928
5006,930
5007,930
5008,922
5009,918
5010,918
5011,900
5012,934
5013,950
5014,940
5015,928
5016,928
5017,924
5018,940
5019,942
5020,920
5021,924
5022,930
5023,904
5024,944
5025,916
5026,928
5027,942
5028,928
5029,918
5030,924
5031,944
5032,950
5033,920
5034,914
5035,936
5036,922
5037,934
5038,924
5039,944
5040,936
5041,942
5042,936
5043,950
5044,936
5045,928
5046,899
5047,924
5048,820
5049,924
5050,926
5051,944
5052,926
5053,922
5054,918
5055,924
5056,910
5057,915
5058,916
5059,912
5060,934
5061,944
5062,928
5063,944
5064,930
5065,909
5066,926
5067,932
5068,912
5069,942
5070,934
5071,921
5072,922
5073,934
5074,926
5075,944
5076,940
5077,934
5078,944
5079,934
5080,933
5081,936
5082,918
5083,929
5084,938
5085,912
5086,920
5087,944
5088,932
5089,936
5090,928
5091,930
5092,921
5093,922
5094,926
5095,952
5096,846
5097,932
5098,932
5099,903
5100,920
5101,918
5102,946
5103,917
5104,912
5105,930
5106,948
5107,918
5108,934
5109,911
5110,934
5111,938
5112,916
5113,922
5114,934
5115,934
5116,902
5117,916
5118,938
5119,914
5120,934
5121,936
5122,930
5123,920
5124,924
5125,944
5126,932
5127,954
5128,932
5129,930
5130,908
5131,934
5132,910
5133,936
5134,931
5135,928
5136,916
5137,924
5138,940
5139,936
5140,934
5141,946
5142,940
5143,916
5144,948
5145,936
5146,926
5147,938
5148,940
5149,922
5150,922
5151,830
5152,926
5153,899
5154,940
5155,937
5156,956
5157,926
5158,946
5159,944
5160,930
5161,928
5162,927
5163,910
5164,918
5165,928
5166,958
5167,946
5168,888
5169,934
5170,920
5171,928
5172,932
5173,932
5174,930
5175,933
5176,936
5177,948
5178,940
5179,913
5180,929
5181,933
5182,940
5183,922
5184,938
5185,930
5186,930
5187,928
5188,938
5189,932
5190,936
5191,924
5192,935
5193,926
5194,932
5195,922
5196,938
5197,828
5198,940
5199,931
5200,930
5201,924
5202,936
5203,926
5204,918
5205,924
5206,933
5207,944
5208,908
5209,922
5210,934
5211,936
5212,938
5213,948
5214,956
5215,944
5216,941
5217,928
5218,934
5219,928
5220,928
5221,940
5222,936
5223,930
5224,942
5225,944
5226,926
5227,940
5228,950
5229,944
5230,914
5231,930
5232,936
5233,946
5234,918
5235,926
5236,916
5237,939
5238,924
5239,912
5240,919
5241,932
5242,932
5243,932
5244,938
5245,938
5246,924
5247,924
5248,924
5249,928
5250,924
5251,950
5252,936
5253,936
5254,814
5255,904
5256,910
5257,942
5258,914
5259,922
5260,920
5261,926
5262,947
5263,922
5264,940
5265,935
5266,916
5267,946
5268,914
5269,912
5270,944
5271,924
5272,930
5273,922
5274,935
5275,938
5276,936
5277,936
5278,917
5279,936
5280,936
5281,944
5282,934
5283,938
5284,916
5285,932
5286,921
5287,948
5288,950
5289,920
5290,944
5291,930
5292,930
5293,926
5294,926
5295,936
5296,928
5297,950
5298,820
5299,944
5300,938
5301,922
5302,933
5303,936
5304,935
5305,912
5306,922
5307,914
5308,932
5309,936
5310,938
5311,916
5312,946
5313,932
5314,944
5315,950
5316,930
5317,930
5318,929
5319,930
5320,912
5321,926
5322,940
5323,940
5324,900
5325,898
5326,934
5327,940
5328,920
5329,928
5330,934
5331,928
5332,922
5333,918
5334,922
5335,936
5336,912
5337,930
5338,936
5339,924
5340,934
5341,936
5342,922
5343,934
5344,940
5345,929
5346,928
5347,916
5348,926
5349,922
5350,946
5351,932
5352,938
5353,938
5354,918
5355,917
5356,946
5357,828
5358,914
5359,930
5360,910
5361,928
5362,936
5363,944
5364,923
5365,926
5366,914
5367,943
5368,923
5369,934
5370,936
5371,918
5372,913
5373,934
5374,921
5375,902
5376,920
5377,906
5378,924
5379,934
5380,933
5381,942
5382,930
5383,944
5384,938
5385,939
5386,926
5387,910
5388,910
5389,924
5390,936
5391,928
5392,922
5393,918
5394,920
5395,932
5396,936
5397,926
5398,932
5399,868
5400,935
5401,936
5402,939
5403,944
5404,940
5405,926
5406,928
5407,920
5408,924
5409,926
5410,916
5411,900
5412,928
5413,926
5414,942
5415,918
5416,901
5417,924
5418,924
5419,920
5420,938
5421,932
5422,948
5423,940
5424,936
5425,932
5426,942
5427,932
5428,924
5429,908
5430,944
5431,936
5432,940
5433,934
5434,922
5435,940
5436,940
5437,914
5438,916
5439,912
5440,938
5441,944
5442,924
5443,926
5444,940
5445,922
5446,918
5447,950
5448,930
5449,942
5450,926
5451,948
5452,931
5453,917
5454,922
5455,938
5456,944
5457,932
5458,940
5459,936
5460,846
5461,932
5462,919
5463,922
5464,926
5465,942
5466,922
5467,927
5468,946
5469,914
5470,940
5471,949
5472,922
5473,950
5474,932
5475,943
5476,940
5477,940
5478,943
5479,938
5480,926
5481,926
5482,926
5483,940
5484,924
5485,936
5486,926
5487,932
5488,941
5489,918
5490,906
5491,936
5492,942
5493,924
5494,936
5495,928
5496,932
5497,942
5498,944
5499,931
5500,828
5501,928
5502,934
5503,954
5504,920
5505,928
5506,920
5507,937
5508,912
5509,919
5510,936
5511,918
5512,934
5513,920
5514,942
5515,909
5516,920
5517,912
5518,950
5519,906
5520,942
5521,948
5522,940
5523,922
5524,949
5525,936
5526,932
5527,932
5528,919
5529,944
5530,946
5531,926
5532,956
5533,940
5534,918
5535,922
5536,938
5537,942
5538,928
5539,930
5540,932
5541,938
5542,943
5543,936
5544,938
5545,931
5546,944
5547,932
5548,916
5549,916
5550,938
5551,937
5552,905
5553,936
5554,944
5555,940
5556,942
5557,934
5558,950
5559,912
5560,944
5561,942
5562,932
5563,850
5564,944
5565,924
5566,930
5567,921
5568,950
5569,933
5570,938
5571,917
5572,938
5573,927
5574,920
5575,904
5576,900
5577,930
5578,934
5579,931
5580,932
5581,932
5582,942
5583,942
5584,934
5585,940
5586,934
5587,940
5588,938
5589,952
5590,944
5591,935
5592,930
5593,925
5594,938
5595,939
5596,950
5597,938
5598,930
5599,918
5600,940
5601,808
5602,922
5603,928
5604,938
5605,935
5606,934
5607,938
5608,918
5609,930
5610,916
5611,918
5612,936
5613,928
5614,932
5615,944
5616,930
5617,928
5618,946
5619,946
5620,928
5621,934
5622,924
5623,944
5624,914
5625,946
5626,936
5627,907
5628,912
5629,920
5630,928
5631,913
5632,926
5633,928
5634,932
5635,946
5636,948
5637,950
5638,930
5639,938
5640,928
5641,938
5642,938
5643,952
5644,920
5645,920
5646,938
5647,930
5648,936
5649,936
5650,908
5651,920
5652,932
5653,928
5654,918
5655,938
5656,914
5657,920
5658,906
5659,932
5660,926
5661,942
5662,928
5663,914
5664,924
5665,936
5666,828
5667,940
5668,925
5669,948
5670,924
5671,922
5672,920
5673,924
5674,946
5675,944
5676,930
5677,932
5678,938
5679,934
5680,922
5681,943
5682,924
5683,941
5684,916
5685,928
5686,920
5687,944
5688,936
5689,945
5690,928
5691,932
5692,930
5693,920
5694,932
5695,910
5696,945
5697,938
5698,944
5699,947
5700,936
5701,930
5702,840
5703,928
5704,933
5705,930
5706,930
5707,941
5708,935
5709,928
5710,916
5711,930
5712,918
5713,910
5714,932
5715,918
5716,931
5717,914
5718,926
5719,932
5720,936
5721,936
5722,936
5723,922
5724,936
5725,919
5726,962
5727,928
5728,928
5729,943
5730,920
5731,926
5732,930
5733,940
5734,948
5735,940
5736,928
5737,930
5738,950
5739,934
5740,920
5741,931
5742,914
5743,926
5744,930
5745,924
5746,938
5747,932
5748,920
5749,948
5750,936
5751,936
5752,922
5753,916
5754,916
5755,936
5756,938
5757,950
5758,934
5759,922
5760,938
5761,924
5762,942
5763,934
5764,918
5765,906
5766,938
5767,938
5768,914
5769,820
5770,934
5771,936
5772,939
5773,916
5774,919
5775,934
5776,908
5777,940
5778,924
5779,934
5780,944
5781,908
5782,934
5783,908
5784,934
5785,914
5786,932
5787,936
5788,932
5789,920
5790,920
5791,920
5792,926
5793,916
5794,928
5795,934
5796,934
5797,940
5798,934
5799,910
5800,936
5801,932
5802,918
5803,866
5804,916
5805,924
5806,944
5807,934
5808,890
5809,934
5810,932
5811,924
5812,912
5813,918
5814,922
5815,938
5816,936
5817,920
5818,944
5819,942
5820,944
5821,913
5822,912
5823,930
5824,940
5825,934
5826,930
5827,938
5828,914
5829,932
5830,940
5831,908
5832,940
5833,920
5834,936
5835,950
5836,916
5837,940
5838,936
5839,930
5840,922
5841,934
5842,916
5843,943
5844,914
5845,954
5846,956
5847,922
5848,922
5849,940
5850,922
5851,932
5852,926
5853,950
5854,920
5855,926
5856,943
5857,932
5858,926
5859,918
5860,928
5861,922
5862,927
5863,932
5864,954
5865,949
5866,928
5867,920
5868,928
5869,932
5870,934
5871,934
5872,836
5873,929
5874,917
5875,942
5876,929
5877,929
5878,920
5879,940
5880,924
5881,937
5882,930
5883,936
5884,904
5885,920
5886,936
5887,924
5888,928
5889,924
5890,924
5891,932
5892,924
5893,933
5894,926
5895,934
5896,918
5897,932
5898,928
5899,918
5900,942
5901,930
5902,914
5903,942
5904,812
5905,934
5906,931
5907,914
5908,944
5909,938
5910,912
5911,928
5912,934
5913,928
5914,906
5915,940
5916,938
5917,926
5918,950
5919,914
5920,940
5921,930
5922,930
5923,936
5924,930
5925,920
5926,949
5927,926
5928,928
5929,928
5930,950
5931,920
5932,910
5933,912
5934,946
5935,954
5936,946
5937,926
5938,926
5939,938
5940,922
5941,928
5942,908
5943,914
5944,912
5945,950
5946,920
5947,930
5948,950
5949,932
5950,948
5951,934
5952,926
5953,940
5954,926
5955,922
5956,928
5957,926
5958,918
5959,927
5960,904
5961,932
5962,950
5963,930
5964,916
5965,934
5966,942
5967,948
5968,922
5969,928
5970,942
5971,918
5972,942
5973,936
5974,922
5975,848
5976,922
5977,940
5978,938
5979,924
5980,938
5981,929
5982,930
5983,936
5984,926
5985,944
5986,932
5987,920
5988,922
5989,932
5990,944
5991,944
5992,920
5993,926
5994,922
5995,932
5996,932
5997,920
5998,922
5999,918
6000,922
6001,923
6002,928
6003,922
6004,932
6005,852
6006,942
6007,934
6008,946
6009,947
6010,916
6011,923
6012,930
6013,916
6014,923
6015,938
6016,940
6017,920
6018,932
6019,926
6020,924
6021,934
6022,922
6023,944
6024,938
6025,926
6026,924
6027,945
6028,944
6029,944
6030,926
6031,924
6032,922
6033,900
6034,918
6035,918
6036,926
6037,934
6038,921
6039,928
6040,936
6041,910
6042,932
6043,934
6044,928
6045,936
6046,926
6047,944
6048,924
6049,938
6050,942
6051,940
6052,932
6053,930
6054,919
6055,941
6056,925
6057,918
6058,932
6059,924
6060,936
6061,930
6062,946
6063,910
6064,928
6065,936
6066,934
6067,932
6068,926
6069,932
6070,926
6071,928
6072,922
6073,928
6074,908
6075,936
6076,940
6077,942
6078,834
6079,910
6080,952
6081,924
6082,926
6083,944
6084,918
6085,946
6086,954
6087,927
6088,933
6089,914
6090,916
6091,922
6092,914
6093,938
6094,944
6095,932
6096,906
6097,920
6098,918
6099,930
6100,947
6101,924
6102,934
6103,948
6104,912
6105,922
6106,844
6107,920
6108,938
6109,938
6110,938
6111,918
6112,928
6113,920
6114,924
6115,934
6116,916
6117,928
6118,940
6119,914
6120,926
6121,933
6122,928
6123,916
6124,924
6125,926
6126,908
6127,910
6128,924
6129,938
6130,944
6131,912
6132,926
6133,944
6134,914
6135,940
6136,922
6137,914
6138,938
6139,934
6140,938
6141,952
6142,958
6143,922
6144,948
6145,912
6146,938
6147,925
6148,934
6149,936
6150,936
6151,915
6152,912
6153,912
6154,944
6155,942
6156,938
6157,926
6158,952
6159,940
6160,920
6161,938
6162,918
6163,938
6164,958
6165,918
6166,938
6167,920
6168,931
6169,922
6170,928
6171,929
6172,930
6173,920
6174,946
6175,924
6176,944
6177,920
6178,926
6179,924
6180,912
6181,836
6182,940
6183,934
6184,956
6185,932
6186,932
6187,936
6188,932
6189,952
6190,918
6191,922
6192,930
6193,926
6194,940
6195,924
6196,930
6197,928
6198,930
6199,924
6200,950
6201,930
6202,932
6203,928
6204,936
6205,924
6206,938
6207,824
6208,961
6209,951
6210,940
6211,924
6212,936
6213,916
6214,932
6215,928
6216,930
6217,938
6218,958
6219,924
6220,932
6221,932
6222,946
6223,942
6224,940
6225,932
6226,942
6227,926
6228,934
6229,938
6230,922
6231,941
6232,916
6233,926
6234,908
6235,922
6236,918
6237,930
6238,942
6239,924
6240,916
6241,952
6242,932
6243,934
6244,932
6245,942
6246,910
6247,958
6248,938
6249,917
6250,934
6251,936
6252,936
6253,916
6254,938
6255,918
6256,933
6257,942
6258,916
6259,930
6260,928
6261,938
6262,926
6263,916
6264,914
6265,926
6266,940
6267,928
6268,934
6269,916
6270,920
6271,934
6272,944
6273,944
6274,922
6275,934
6276,944
6277,918
6278,912
6279,939
6280,932
6281,936
6282,938
6283,936
6284,824
6285,936
6286,922
6287,924
6288,918
6289,936
6290,920
6291,914
6292,944
6293,934
6294,900
6295,932
6296,932
6297,950
6298,930
6299,924
6300,938
6301,915
6302,928
6303,922
6304,940
6305,946
6306,940
6307,920
6308,834
6309,938
6310,940
6311,926
6312,942
6313,934
6314,938
6315,942
6316,930
6317,926
6318,928
6319,934
6320,924
6321,938
6322,944
6323,938
6324,924
6325,934
6326,932
6327,918
6328,934
6329,924
6330,936
6331,942
6332,918
6333,940
6334,932
6335,924
6336,906
6337,920
6338,940
6339,930
6340,930
6341,926
6342,942
6343,926
6344,936
6345,938
6346,934
6347,930
6348,926
6349,906
6350,944
6351,918
6352,936
6353,926
6354,928
6355,907
6356,925
6357,932
6358,939
6359,923
6360,938
6361,950
6362,932
6363,930
6364,950
6365,926
6366,942
6367,930
6368,951
6369,926
6370,926
6371,926
6372,912
6373,936
6374,936
6375,914
6376,934
6377,934
6378,952
6379,924
6380,944
6381,934
6382,902
6383,950
6384,918
6385,946
6386,944
6387,846
6388,938
6389,920
6390,930
6391,932
6392,934
6393,924
6394,922
6395,916
6396,932
6397,926
6398,940
6399,924
6400,950
6401,932
6402,946
6403,928
6404,932
6405,926
6406,910
6407,934
6408,944
6409,808
6410,942
6411,924
6412,916
6413,934
6414,920
6415,932
6416,910
6417,926
6418,935
6419,930
6420,944
6421,932
6422,922
6423,940
6424,924
6425,936
6426,930
6427,934
6428,926
6429,928
6430,938
6431,934
6432,930
6433,948
6434,930
6435,920
6436,920
6437,908
6438,938
6439,944
6440,928
6441,940
6442,916
6443,938
6444,926
6445,940
6446,931
6447,944
6448,930
6449,932
6450,940
6451,914
6452,938
6453,954
6454,930
6455,936
6456,926
6457,936
6458,904
6459,942
6460,932
6461,930
6462,930
6463,932
6464,908
6465,932
6466,928
6467,926
6468,923
6469,940
6470,946
6471,954
6472,924
6473,934
6474,936
6475,918
6476,934
6477,948
6478,922
6479,936
6480,926
6481,908
6482,918
6483,932
6484,906
6485,916
6486,912
6487,938
6488,920
6489,932
6490,814
6491,932
6492,940
6493,926
6494,940
6495,934
6496,942
6497,906
6498,918
6499,902
6500,938
6501,918
6502,900
6503,934
6504,930
6505,932
6506,960
6507,912
6508,929
6509,896
6510,848
6511,920
6512,934
6513,926
6514,933
6515,934
6516,930
6517,930
6518,924
6519,908
6520,934
6521,940
6522,928
6523,938
6524,924
6525,924
6526,942
6527,924
6528,936
6529,942
6530,920
6531,916
6532,944
6533,944
6534,916
6535,918
6536,930
6537,930
6538,920
6539,924
6540,902
6541,912
6542,928
6543,932
6544,927
6545,940
6546,930
6547,940
6548,916
6549,926
6550,918
6551,940
6552,920
6553,930
6554,914
6555,928
6556,924
6557,932
6558,950
6559,917
6560,920
6561,922
6562,940
6563,944
6564,928
6565,930
6566,934
6567,932
6568,920
6569,928
6570,933
6571,954
6572,936
6573,916
6574,918
6575,932
6576,920
6577,948
6578,922
6579,919
6580,950
6581,940
6582,917
6583,942
6584,918
6585,944
6586,936
6587,927
6588,922
6589,916
6590,940
6591,940
6592,928
6593,838
6594,926
6595,914
6596,931
6597,902
6598,933
6599,934
6600,918
6601,926
6602,927
6603,934
6604,928
6605,938
6606,952
6607,902
6608,927
6609,950
6610,900
6611,854
6612,948
6613,922
6614,922
6615,936
6616,936
6617,940
6618,916
6619,920
6620,946
6621,938
6622,931
6623,946
6624,940
6625,926
6626,952
6627,926
6628,908
6629,924
6630,921
6631,924
6632,934
6633,928
6634,926
6635,946
6636,934
6637,911
6638,942
6639,924
6640,924
6641,936
6642,918
6643,930
6644,934
6645,926
6646,930
6647,920
6648,916
6649,942
6650,930
6651,914
6652,926
6653,924
6654,930
6655,915
6656,938
6657,928
6658,922
6659,938
6660,932
6661,930
6662,928
6663,932
6664,924
6665,932
6666,924
6667,928
6668,912
6669,932
6670,906
6671,896
6672,944
6673,928
6674,946
6675,930
6676,930
6677,944
6678,918
6679,948
6680,923
6681,940
6682,934
6683,906
6684,942
6685,917
6686,936
6687,940
6688,946
6689,930
6690,922
6691,942
6692,928
6693,930
6694,942
6695,942
6696,834
6697,933
6698,926
6699,944
6700,938
6701,946
6702,934
6703,926
6704,938
6705,932
6706,924
6707,942
6708,930
6709,944
6710,922
6711,926
6712,850
6713,930
6714,914
6715,933
6716,943
6717,932
6718,920
6719,944
6720,930
6721,935
6722,933
6723,940
6724,940
6725,926
6726,930
6727,926
6728,944
6729,942
6730,938
6731,930
6732,926
6733,944
6734,936
6735,932
6736,929
6737,940
6738,936
6739,920
6740,920
6741,946
6742,940
6743,936
6744,928
6745,936
6746,932
6747,920
6748,919
6749,932
6750,934
6751,922
6752,931
6753,922
6754,936
6755,940
6756,920
6757,940
6758,934
6759,926
6760,954
6761,927
6762,929
6763,922
6764,952
6765,934
6766,924
6767,926
6768,918
6769,926
6770,952
6771,926
6772,953
6773,928
6774,926
6775,942
6776,920
6777,925
6778,934
6779,935
6780,938
6781,954
6782,942
6783,922
6784,932
6785,936
6786,934
6787,932
6788,936
6789,923
6790,922
6791,940
6792,931
6793,922
6794,934
6795,930
6796,942
6797,950
6798,920
6799,830
6800,898
6801,914
6802,948
6803,942
6804,915
6805,926
6806,916
6807,952
6808,908
6809,936
6810,942
6811,922
6812,924
6813,822
6814,952
6815,944
6816,902
6817,921
6818,950
6819,930
6820,924
6821,906
6822,931
6823,916
6824,931
6825,936
6826,922
6827,930
6828,932
6829,900
6830,938
6831,952
6832,924
6833,947
6834,920
6835,930
6836,936
6837,930
6838,938
6839,912
6840,918
6841,910
6842,932
6843,932
6844,926
6845,944
6846,938
6847,914
6848,930
6849,928
6850,910
6851,914
6852,930
6853,924
6854,918
6855,932
6856,932
6857,930
6858,928
6859,934
6860,920
6861,934
6862,936
6863,932
6864,920
6865,944
6866,946
6867,912
6868,928
6869,930
6870,924
6871,928
6872,912
6873,944
6874,936
6875,924
6876,922
6877,938
6878,926
6879,928
6880,936
6881,946
6882,934
6883,936
6884,939
6885,944
6886,940
6887,916
6888,940
6889,940
6890,932
6891,946
6892,948
6893,940
6894,936
6895,934
6896,915
6897,924
6898,930
6899,952
6900,928
6901,932
6902,828
6903,936
6904,924
6905,942
6906,920
6907,920
6908,938
6909,926
6910,932
6911,924
6912,916
6913,928
6914,806
6915,926
6916,936
6917,931
6918,940
6919,920
6920,928
6921,938
6922,930
6923,924
6924,940
6925,916
6926,932
6927,924
6928,932
6929,948
6930,901
6931,928
6932,928
6933,934
6934,928
6935,918
6936,935
6937,922
6938,924
6939,950
6940,936
6941,944
6942,914
6943,934
6944,932
6945,920
6946,922
6947,926
6948,926
6949,928
6950,932
6951,912
6952,938
6953,915
6954,950
6955,930
6956,946
6957,930
6958,954
6959,922
6960,947
6961,914
6962,938
6963,944
6964,933
6965,934
6966,942
6967,938
6968,928
6969,918
6970,908
6971,934
6972,939
6973,924
6974,938
6975,938
6976,924
6977,918
6978,942
6979,927
6980,926
6981,932
6982,936
6983,932
6984,934
6985,938
6986,920
6987,912
6988,938
6989,922
6990,926
6991,926
6992,924
6993,954
6994,938
6995,944
6996,946
6997,942
6998,932
6999,934
7000,962
7001,920
7002,946
7003,928
7004,926
7005,862
7006,928
7007,922
7008,930
7009,910
7010,936
7011,926
7012,910
7013,936
7014,950
7015,848
7016,936
7017,934
7018,932
7019,932
7020,934
7021,948
7022,943
7023,922
7024,947
7025,924
7026,928
7027,924
7028,905
7029,930
7030,928
7031,932
7032,930
7033,942
7034,941
7035,922
7036,948
7037,914
7038,918
7039,942
7040,914
7041,908
7042,934
7043,938
7044,924
7045,948
7046,932
7047,926
7048,950
7049,928
7050,940
7051,930
7052,942
7053,928
7054,936
7055,940
7056,932
7057,942
7058,920
7059,942
7060,940
7061,928
7062,938
7063,934
7064,924
7065,932
7066,942
7067,938
7068,918
7069,932
7070,918
7071,946
7072,925
7073,940
7074,952
7075,922
7076,924
7077,932
7078,936
7079,930
7080,920
7081,940
7082,940
7083,928
7084,960
7085,937
7086,946
7087,944
7088,934
7089,902
7090,900
7091,932
7092,918
7093,939
7094,924
7095,936
7096,938
7097,928
7098,937
7099,944
7100,928
7101,936
7102,920
7103,920
7104,922
7105,936
7106,940
7107,940
7108,840
7109,928
7110,924
7111,942
7112,946
7113,934
7114,926
7115,924
7116,836
7117,934
7118,938
7119,936
7120,940
7121,914
7122,912
7123,939
7124,930
7125,912
7126,934
7127,926
7128,920
7129,928
7130,936
7131,940
7132,938
7133,916
7134,918
7135,948
7136,934
7137,934
7138,923
7139,932
7140,928
7141,934
7142,938
7143,932
7144,942
7145,952
7146,938
7147,930
7148,938
7149,928
7150,932
7151,940
7152,952
7153,904
7154,934
7155,917
7156,910
7157,926
7158,930
7159,934
7160,926
7161,920
7162,942
7163,918
7164,932
7165,927
7166,943
7167,926
7168,944
7169,936
7170,934
7171,926
7172,914
7173,940
7174,920
7175,936
7176,948
7177,924
7178,902
7179,924
7180,931
7181,934
7182,930
7183,930
7184,934
7185,949
7186,954
7187,930
7188,936
7189,918
7190,924
7191,948
7192,936
7193,908
7194,940
7195,910
7196,916
7197,908
7198,926
7199,942
7200,930
7201,948
7202,922
7203,940
7204,930
7205,922
7206,922
7207,932
7208,928
7209,928
7210,926
7211,820
7212,946
7213,930
7214,946
7215,936
7216,936
7217,844
7218,924
7219,922
7220,950
7221,924
7222,918
7223,926
7224,922
7225,926
7226,934
7227,946
7228,920
7229,930
7230,934
7231,932
7232,918
7233,932
7234,924
7235,946
7236,916
7237,932
7238,936
7239,942
7240,914
7241,929
7242,947
7243,918
7244,948
7245,920
7246,936
7247,944
7248,922
7249,936
7250,912
7251,934
7252,962
7253,918
7254,918
7255,924
7256,926
7257,930
7258,920
7259,934
7260,910
7261,928
7262,926
7263,924
7264,926
7265,954
7266,944
7267,940
7268,932
7269,913
7270,928
7271,931
7272,934
7273,936
7274,934
7275,935
7276,930
7277,928
7278,930
7279,926
7280,948
7281,933
7282,918
7283,940
7284,930
7285,920
7286,924
7287,946
7288,936
7289,934
7290,918
7291,930
7292,936
7293,934
7294,930
7295,944
7296,940
7297,920
7298,934
7299,932
7300,925
7301,928
7302,922
7303,936
7304,918
7305,922
7306,952
7307,958
7308,930
7309,949
7310,924
7311,932
7312,942
7313,930
7314,842
7315,946
7316,923
7317,940
7318,842
7319,968
7320,924
7321,936
7322,938
7323,932
7324,938
7325,916
7326,926
7327,918
7328,930
7329,938
7330,918
7331,930
7332,940
7333,922
7334,916
7335,942
7336,924
7337,940
7338,934
7339,936
7340,921
7341,932
7342,936
7343,926
7344,936
7345,942
7346,912
7347,928
7348,928
7349,936
7350,944
7351,940
7352,929
7353,924
7354,956
7355,932
7356,948
7357,950
7358,908
7359,930
7360,944
7361,946
7362,916
7363,912
7364,924
7365,928
7366,938
7367,934
7368,934
7369,922
7370,932
7371,906
7372,930
7373,927
7374,932
7375,932
7376,934
7377,930
7378,944
7379,922
7380,946
7381,920
7382,938
7383,935
7384,938
7385,924
7386,948
7387,909
7388,933
7389,914
7390,938
7391,940
7392,924
7393,924
7394,934
7395,934
7396,947
7397,950
7398,936
7399,926
7400,928
7401,925
7402,930
7403,930
7404,946
7405,932
7406,941
7407,920
7408,944
7409,934
7410,922
7411,914
7412,912
7413,935
7414,930
7415,934
7416,934
7417,826
7418,930
7419,832
7420,940
7421,936
7422,928
7423,926
7424,924
7425,928
7426,928
7427,928
7428,938
7429,940
7430,930
7431,918
7432,916
7433,946
7434,912
7435,946
7436,928
7437,918
7438,934
7439,932
7440,940
7441,936
7442,940
7443,926
7444,926
7445,918
7446,926
7447,929
7448,928
7449,922
7450,944
7451,956
7452,926
7453,942
7454,914
7455,938
7456,932
7457,926
7458,904
7459,938
7460,932
7461,938
7462,930
7463,923
7464,928
7465,940
7466,930
7467,930
7468,916
7469,940
7470,920
7471,952
7472,922
7473,942
7474,914
7475,938
7476,944
7477,946
7478,934
7479,934
7480,936
7481,934
7482,916
7483,926
7484,906
7485,927
7486,936
7487,932
7488,938
7489,916
7490,924
7491,926
7492,938
7493,928
7494,930
7495,916
7496,933
7497,934
7498,926
7499,938
7500,934
7501,936
7502,948
7503,942
7504,944
7505,930
7506,902
7507,932
7508,942
7509,934
7510,934
7511,908
7512,940
7513,910
7514,934
7515,934
7516,946
7517,936
7518,922
7519,942
7520,462
7521,920
7522,938
7523,924
7524,940
7525,916
7526,916
7527,920
7528,928
7529,924
7530,952
7531,936
7532,922
7533,916
7534,902
7535,938
7536,926
7537,936
7538,910
7539,925
7540,916
7541,938
7542,932
7543,920
7544,933
7545,924
7546,940
7547,938
7548,912
7549,930
7550,924
7551,916
7552,952
7553,956
7554,924
7555,936
7556,944
7557,938
7558,924
7559,918
7560,940
7561,932
7562,938
7563,918
7564,948
7565,922
7566,947
7567,936
7568,938
7569,942
7570,938
7571,919
7572,948
7573,928
7574,944
7575,932
7576,916
7577,936
7578,944
7579,914
7580,948
7581,918
7582,936
7583,930
7584,940
7585,920
7586,926
7587,934
7588,944
7589,938
7590,932
7591,926
7592,924
7593,928
7594,930
7595,918
7596,954
7597,924
7598,922
7599,936
7600,918
7601,924
7602,944
7603,906
7604,940
7605,942
7606,926
7607,930
7608,930
7609,918
7610,938
7611,944
7612,932
7613,948
7614,930
7615,928
7616,927
7617,938
7618,944
7619,928
7620,924
7621,846
7622,962
7623,828
7624,944
7625,922
7626,924
7627,920
7628,914
7629,923
7630,942
7631,925
7632,930
7633,927
7634,920
7635,924
7636,944
7637,912
7638,944
7639,940
7640,942
7641,922
7642,918
7643,910
7644,950
7645,940
7646,942
7647,926
7648,956
7649,940
7650,911
7651,940
7652,928
7653,919
7654,946
7655,938
7656,940
7657,914
7658,918
7659,925
7660,930
7661,928
7662,926
7663,924
7664,944
7665,918
7666,940
7667,914
7668,952
7669,928
7670,918
7671,922
7672,918
7673,924
7674,923
7675,948
7676,916
7677,932
7678,916
7679,924
7680,926
7681,941
7682,944
7683,931
7684,920
7685,930
7686,936
7687,940
7688,920
7689,920
7690,934
7691,936
7692,922
7693,938
7694,924
7695,926
7696,944
7697,926
7698,936
7699,944
7700,946
7701,950
7702,936
7703,932
7704,930
7705,928
7706,946
7707,940
7708,922
7709,938
7710,930
7711,946
7712,923
7713,942
7714,930
7715,938
7716,930
7717,930
7718,946
7719,946
7720,920
7721,922
7722,840
7723,914
7724,920
7725,914
7726,832
7727,934
7728,920
7729,920
7730,936
7731,930
7732,928
7733,926
7734,928
7735,924
7736,934
7737,946
7738,926
7739,942
7740,930
7741,952
7742,924
7743,926
7744,928
7745,932
7746,941
7747,922
7748,911
7749,930
7750,913
7751,926
7752,926
7753,912
7754,926
7755,962
7756,939
7757,934
7758,923
7759,936
7760,926
7761,936
7762,923
7763,928
7764,936
7765,950
7766,924
7767,938
7768,926
7769,938
7770,942
7771,944
7772,926
7773,916
7774,932
7775,938
7776,942
7777,950
7778,894
7779,926
7780,922
7781,910
7782,918
7783,926
7784,944
7785,908
7786,906
7787,943
7788,930
7789,940
7790,929
7791,918
7792,928
7793,912
7794,918
7795,932
7796,928
7797,934
7798,952
7799,926
7800,926
7801,928
7802,938
7803,940
7804,920
7805,937
7806,922
7807,934
7808,925
7809,912
7810,944
7811,944
7812,903
7813,924
7814,934
7815,914
7816,952
7817,932
7818,918
7819,943
7820,932
7821,956
7822,932
7823,820
7824,920
7825,928
7826,942
7827,932
7828,904
7829,834
7830,943
7831,912
7832,940
7833,932
7834,942
7835,948
7836,914
7837,934
7838,924
7839,934
7840,940
7841,908
7842,914
7843,930
7844,936
7845,930
7846,906
7847,940
7848,914
7849,916
7850,934
7851,922
7852,944
7853,936
7854,934
7855,926
7856,949
7857,936
7858,922
7859,936
7860,926
7861,924
7862,940
7863,948
7864,910
7865,940
7866,932
7867,926
7868,946
7869,936
7870,939
7871,942
7872,928
7873,930
7874,922
7875,924
7876,930
7877,946
7878,934
7879,934
7880,918
7881,916
7882,914
7883,922
7884,910
7885,944
7886,942
7887,928
7888,934
7889,920
7890,946
7891,916
7892,934
7893,928
7894,920
7895,936
7896,936
7897,938
7898,956
7899,930
7900,936
7901,936
7902,944
7903,924
7904,930
7905,934
7906,930
7907,918
7908,920
7909,926
7910,932
7911,934
7912,952
7913,926
7914,923
7915,928
7916,940
7917,926
7918,930
7919,928
7920,924
7921,934
7922,908
7923,940
7924,836
7925,914
7926,918
7927,938
7928,934
7929,938
7930,926
7931,926
7932,840
7933,926
7934,940
7935,936
7936,914
7937,926
7938,914
7939,902
7940,922
7941,928
7942,938
7943,934
7944,940
7945,920
7946,924
7947,930
7948,911
7949,932
7950,930
7951,913
7952,914
7953,918
7954,919
7955,943
7956,932
7957,933
7958,948
7959,920
7960,931
7961,923
7962,930
7963,924
7964,920
7965,940
7966,910
7967,932
7968,924
7969,931
7970,936
7971,900
7972,940
7973,940
7974,928
7975,940
7976,928
7977,928
7978,926
7979,926
7980,932
7981,920
7982,922
7983,924
7984,930
7985,940
7986,934
7987,914
7988,946
7989,948
7990,948
7991,930
7992,938
7993,932
7994,920
7995,924
7996,930
7997,939
7998,932
7999,932
8000,950
8001,916
8002,924
8003,930
8004,936
8005,912
8006,912
8007,924
8008,934
8009,946
8010,929
8011,917
8012,950
8013,944
8014,938
8015,948
8016,934
8017,958
8018,938
8019,955
8020,943
8021,924
8022,926
8023,916
8024,938
8025,840
8026,931
8027,944
8028,914
8029,930
8030,922
8031,942
8032,940
8033,926
8034,936
8035,812
8036,936
8037,915
8038,928
8039,944
8040,928
8041,912
8042,916
8043,946
8044,948
8045,922
8046,926
8047,934
8048,938
8049,922
8050,921
8051,904
8052,926
8053,922
8054,954
8055,918
8056,926
8057,944
8058,936
8059,930
8060,912
8061,940
8062,946
8063,922
8064,930
8065,931
8066,934
8067,932
8068,928
8069,931
8070,939
8071,940
8072,940
8073,916
8074,922
8075,925
8076,924
8077,928
8078,942
8079,920
8080,964
8081,918
8082,950
8083,929
8084,920
8085,939
8086,894
8087,942
8088,922
8089,930
8090,912
8091,927
8092,924
8093,940
8094,926
8095,920
8096,914
8097,928
8098,918
8099,920
8100,936
8101,934
8102,908
8103,935
8104,918
8105,946
8106,922
8107,922
8108,930
8109,930
8110,934
8111,956
8112,928
8113,924
8114,926
8115,934
8116,914
8117,924
8118,919
8119,930
8120,928
8121,936
8122,936
8123,933
8124,930
8125,924
8126,852
8127,946
8128,922
8129,932
8130,944
8131,948
8132,926
8133,924
8134,912
8135,936
8136,940
8137,926
8138,824
8139,921
8140,932
8141,936
8142,934
8143,930
8144,920
8145,938
8146,936
8147,958
8148,932
8149,930
8150,920
8151,914
8152,930
8153,924
8154,930
8155,932
8156,928
8157,950
8158,909
8159,938
8160,936
8161,926
8162,937
8163,938
8164,918
8165,938
8166,930
8167,938
8168,936
8169,928
8170,924
8171,970
8172,932
8173,928
8174,948
8175,944
8176,932
8177,934
8178,934
8179,920
8180,930
8181,928
8182,917
8183,940
8184,928
8185,936
8186,932
8187,924
8188,946
8189,922
8190,932
8191,936
8192,936
8193,918
8194,935
8195,916
8196,958
8197,928
8198,952
8199,931
8200,935
8201,934
8202,928
8203,924
8204,930
8205,926
8206,932
8207,929
8208,922
8209,927
8210,931
8211,940
8212,928
8213,934
8214,930
8215,954
8216,930
8217,944
8218,926
8219,912
8220,938
8221,940
8222,932
8223,944
8224,904
8225,924
8226,930
8227,798
8228,942
8229,924
8230,934
8231,938
8232,930
8233,924
8234,928
8235,904
8236,926
8237,930
8238,920
8239,938
8240,925
8241,846
8242,910
8243,918
8244,922
8245,946
8246,938
8247,914
8248,934
8249,932
8250,924
8251,918
8252,948
8253,922
8254,948
8255,914
8256,934
8257,928
8258,925
8259,944
8260,941
8261,928
8262,932
8263,934
8264,944
8265,948
8266,922
8267,950
8268,932
8269,938
8270,938
8271,912
8272,916
8273,932
8274,930
8275,938
8276,902
8277,930
8278,930
8279,942
8280,952
8281,920
8282,930
8283,934
8284,912
8285,938
8286,940
8287,928
8288,930
8289,940
8290,940
8291,930
8292,938
8293,938
8294,918
8295,956
8296,922
8297,932
8298,924
8299,913
8300,938
8301,936
8302,946
8303,944
8304,948
8305,944
8306,930
8307,931
8308,932
8309,918
8310,922
8311,922
8312,910
8313,926
8314,938
8315,928
8316,940
8317,944
8318,914
8319,918
8320,932
8321,940
8322,943
8323,930
8324,928
8325,939
8326,939
8327,938
8328,864
8329,940
8330,928
8331,940
8332,950
8333,942
8334,912
8335,944
8336,912
8337,948
8338,931
8339,928
8340,920
8341,939
8342,930
8343,928
8344,846
8345,940
8346,928
8347,938
8348,928
8349,938
8350,930
8351,908
8352,946
8353,940
8354,924
8355,932
8356,922
8357,932
8358,902
8359,930
8360,940
8361,929
8362,943
8363,942
8364,932
8365,948
8366,928
8367,936
8368,948
8369,928
8370,940
8371,940
8372,940
8373,918
8374,924
8375,943
8376,934
8377,943
8378,932
8379,938
8380,938
8381,948
8382,932
8383,928
8384,932
8385,928
8386,924
8387,938
8388,934
8389,920
8390,942
8391,920
8392,932
8393,920
8394,942
8395,918
8396,924
8397,922
8398,924
8399,919
8400,936
8401,928
8402,920
8403,928
8404,938
8405,946
8406,902
8407,928
8408,930
8409,942
8410,938
8411,940
8412,926
8413,932
8414,944
8415,936
8416,924
8417,952
8418,952
8419,920
8420,939
8421,932
8422,914
8423,928
8424,916
8425,942
8426,952
8427,930
8428,924
8429,842
8430,920
8431,938
8432,936
8433,938
8434,924
8435,930
8436,922
8437,896
8438,957
8439,932
8440,918
8441,930
8442,930
8443,933
8444,952
8445,934
8446,919
8447,828
8448,938
8449,906
8450,936
8451,940
8452,914
8453,948
8454,924
8455,916
8456,928
8457,920
8458,942
8459,922
8460,922
8461,910
8462,944
8463,938
8464,922
8465,940
8466,932
8467,926
8468,922
8469,938
8470,926
8471,940
8472,932
8473,938
8474,948
8475,938
8476,924
8477,912
8478,931
8479,910
8480,919
8481,921
8482,934
8483,938
8484,938
8485,940
8486,934
8487,918
8488,952
8489,954
8490,930
8491,920
8492,956
8493,926
8494,946
8495,946
8496,921
8497,928
8498,928
8499,953
8500,918
8501,938
8502,920
8503,906
8504,928
8505,938
8506,930
8507,913
8508,954
8509,930
8510,930
8511,944
8512,938
8513,934
8514,924
8515,930
8516,918
8517,932
8518,912
8519,938
8520,934
8521,936
8522,928
8523,924
8524,934
8525,926
8526,936
8527,932
8528,934
8529,942
8530,838
8531,956
8532,936
8533,932
8534,946
8535,928
8536,914
8537,932
8538,924
8539,918
8540,934
8541,946
8542,938
8543,922
8544,934
8545,932
8546,924
8547,926
8548,947
8549,952
8550,812
8551,924
8552,932
8553,940
8554,934
8555,930
8556,950
8557,928
8558,932
8559,940
8560,926
8561,919
8562,918
8563,941
8564,922
8565,930
8566,916
8567,932
8568,924
8569,928
8570,936
8571,946
8572,902
8573,928
8574,924
8575,946
8576,928
8577,920
8578,946
8579,940
8580,929
8581,908
8582,930
8583,902
8584,926
8585,930
8586,926
8587,936
8588,908
8589,938
8590,916
8591,916
8592,922
8593,944
8594,924
8595,936
8596,946
8597,920
8598,928
8599,914
8600,946
8601,914
8602,934
8603,916
8604,940
8605,912
8606,916
8607,935
8608,930
8609,924
8610,930
8611,934
8612,900
8613,934
8614,924
8615,924
8616,918
8617,936
8618,937
8619,930
8620,940
8621,910
8622,934
8623,944
8624,910
8625,906
8626,938
8627,945
8628,920
8629,942
8630,936
8631,810
8632,918
8633,910
8634,938
8635,934
8636,932
8637,924
8638,918
8639,926
8640,953
8641,925
8642,934
8643,926
8644,926
8645,940
8646,937
8647,940
8648,932
8649,918
8650,948
8651,924
8652,931
8653,838
8654,937
8655,914
8656,932
8657,929
8658,932
8659,936
8660,904
8661,922
8662,938
8663,938
8664,938
8665,924
8666,916
8667,920
8668,932
8669,922
8670,938
8671,942
8672,924
8673,940
8674,941
8675,919
8676,940
8677,924
8678,910
8679,948
8680,928
8681,932
8682,918
8683,932
8684,936
8685,950
8686,932
8687,936
8688,910
8689,930
8690,920
8691,944
8692,947
8693,910
8694,928
8695,947
8696,934
8697,908
8698,944
8699,940
8700,940
8701,938
8702,940
8703,916
8704,908
8705,930
8706,938
8707,928
8708,934
8709,942
8710,912
8711,924
8712,914
8713,920
8714,926
8715,938
8716,928
8717,924
8718,936
8719,932
8720,918
8721,932
8722,914
8723,920
8724,926
8725,934
8726,932
8727,914
8728,936
8729,930
8730,922
8731,926
8732,848
8733,938
8734,933
8735,932
8736,936
8737,926
8738,936
8739,944
8740,958
8741,918
8742,922
8743,934
8744,920
8745,940
8746,937
8747,920
8748,936
8749,924
8750,912
8751,904
8752,924
8753,942
8754,936
8755,934
8756,840
8757,912
8758,922
8759,916
8760,940
8761,944
8762,934
8763,905
8764,934
8765,930
8766,946
8767,922
8768,916
8769,950
8770,914
8771,932
8772,952
8773,948
8774,926
8775,930
8776,952
8777,946
8778,936
8779,937
8780,951
8781,940
8782,930
8783,916
8784,916
8785,915
8786,902
8787,938
8788,930
8789,924
8790,926
8791,924
8792,938
8793,930
8794,942
8795,920
8796,946
8797,936
8798,926
8799,950
8800,924
8801,928
8802,932
8803,916
8804,930
8805,924
8806,930
8807,930
8808,920
8809,918
8810,942
8811,936
8812,934
8813,914
8814,942
8815,936
8816,920
8817,926
8818,932
8819,928
8820,936
8821,940
8822,940
8823,938
8824,938
8825,938
8826,922
8827,922
8828,928
8829,946
8830,920
8831,936
8832,924
8833,844
8834,922
8835,936
8836,930
8837,934
8838,924
8839,928
8840,936
8841,929
8842,925
8843,934
8844,938
8845,918
8846,906
8847,938
8848,924
8849,920
8850,916
8851,940
8852,946
8853,928
8854,914
8855,928
8856,942
8857,926
8858,928
8859,814
8860,926
8861,938
8862,922
8863,926
8864,932
8865,942
8866,936
8867,942
8868,920
8869,934
8870,930
8871,942
8872,930
8873,940
8874,922
8875,946
8876,944
8877,933
8878,932
8879,930
8880,918
8881,950
8882,926
8883,959
8884,909
8885,912
8886,950
8887,940
8888,934
8889,916
8890,946
8891,932
8892,924
8893,926
8894,919
8895,936
8896,934
8897,948
8898,930
8899,924
8900,918
8901,947
8902,940
8903,916
8904,936
8905,936
8906,954
8907,930
8908,926
8909,932
8910,922
8911,932
8912,926
8913,932
8914,928
8915,914
8916,924
8917,938
8918,928
8919,930
8920,936
8921,916
8922,936
8923,928
8924,930
8925,928
8926,928
8927,930
8928,916
8929,934
8930,937
8931,942
8932,940
8933,924
8934,840
8935,930
8936,930
8937,926
8938,920
8939,919
8940,926
8941,918
8942,936
8943,928
8944,924
8945,924
8946,922
8947,926
8948,942
8949,936
8950,926
8951,928
8952,937
8953,950
8954,948
8955,924
8956,930
8957,934
8958,938
8959,922
8960,950
8961,920
8962,814
8963,921
8964,910
8965,942
8966,936
8967,930
8968,922
8969,930
8970,938
8971,926
8972,916
8973,910
8974,898
8975,928
8976,930
8977,936
8978,946
8979,928
8980,930
8981,930
8982,936
8983,952
8984,934
8985,922
8986,938
8987,930
8988,934
8989,942
8990,952
8991,922
8992,926
8993,950
8994,918
8995,934
8996,932
8997,904
8998,932
8999,924
9000,940
9001,954
9002,928
9003,944
9004,942
9005,924
9006,928
9007,920
9008,928
9009,944
9010,940
9011,940
9012,950
9013,934
9014,934
9015,926
9016,938
9017,908
9018,926
9019,928
9020,944
9021,908
9022,918
9023,938
9024,918
9025,920
9026,922
9027,904
9028,938
9029,912
9030,936
9031,929
9032,952
9033,924
9034,926
9035,822
9036,926
9037,927
9038,918
9039,938
9040,940
9041,930
9042,926
9043,922
9044,934
9045,940
9046,944
9047,928
9048,927
9049,931
9050,934
9051,924
9052,931
9053,926
9054,952
9055,926
9056,934
9057,947
9058,944
9059,931
9060,932
9061,928
9062,942
9063,920
9064,938
9065,812
9066,949
9067,928
9068,946
9069,932
9070,936
9071,938
9072,918
9073,952
9074,922
9075,930
9076,941
9077,927
9078,932
9079,924
9080,922
9081,944
9082,928
9083,924
9084,936
9085,918
9086,916
9087,926
9088,938
9089,934
9090,922
9091,938
9092,926
9093,954
9094,950
9095,944
9096,936
9097,930
9098,919
9099,926
9100,924
9101,926
9102,944
9103,944
9104,926
9105,924
9106,932
9107,928
9108,912
9109,914
9110,934
9111,952
9112,926
9113,922
9114,922
9115,946
9116,942
9117,935
9118,914
9119,946
9120,938
9121,926
9122,934
9123,944
9124,936
9125,936
9126,922
9127,952
9128,924
9129,922
9130,938
9131,928
9132,930
9133,938
9134,922
9135,928
9136,850
9137,936
9138,922
9139,942
9140,912
9141,931
9142,915
9143,916
9144,912
9145,924
9146,960
9147,932
9148,940
9149,922
9150,944
9151,944
9152,930
9153,930
9154,938
9155,932
9156,940
9157,926
9158,912
9159,930
9160,920
9161,941
9162,926
9163,938
9164,932
9165,938
9166,924
9167,930
9168,836
9169,936
9170,952
9171,940
9172,924
9173,945
9174,934
9175,944
9176,940
9177,924
9178,931
9179,942
9180,946
9181,936
9182,930
9183,940
9184,950
9185,940
9186,933
9187,920
9188,940
9189,909
9190,938
9191,930
9192,934
9193,940
9194,924
9195,940
9196,920
9197,913
9198,938
9199,940
9200,928
9201,938
9202,926
9203,934
9204,953
9205,918
9206,926
9207,936
9208,922
9209,938
9210,940
9211,926
9212,944
9213,920
9214,934
9215,940
9216,938
9217,928
9218,938
9219,912
9220,924
9221,935
9222,934
9223,932
9224,916
9225,942
9226,949
9227,916
9228,916
9229,926
9230,934
9231,930
9232,928
9233,948
9234,934
9235,930
9236,928
9237,830
9238,940
9239,920
9240,936
9241,918
9242,932
9243,922
9244,926
9245,904
9246,910
9247,940
9248,930
9249,929
9250,934
9251,940
9252,925
9253,920
9254,908
9255,944
9256,914
9257,930
9258,940
9259,926
9260,907
9261,906
9262,916
9263,924
9264,906
9265,920
9266,924
9267,948
9268,930
9269,946
9270,926
9271,824
9272,911
9273,932
9274,954
9275,926
9276,924
9277,932
9278,944
9279,928
9280,926
9281,926
9282,934
9283,942
9284,932
9285,924
9286,938
9287,940
9288,914
9289,924
9290,946
9291,920
9292,926
9293,938
9294,938
9295,910
9296,946
9297,932
9298,940
9299,932
9300,918
9301,932
9302,930
9303,934
9304,924
9305,918
9306,946
9307,950
9308,924
9309,920
9310,922
9311,914
9312,914
9313,936
9314,934
9315,924
9316,915
9317,938
9318,916
9319,950
9320,922
9321,933
9322,926
9323,928
9324,920
9325,916
9326,926
9327,910
9328,920
9329,930
9330,924
9331,920
9332,920
9333,930
9334,931
9335,920
9336,932
9337,946
9338,848
9339,944
9340,942
9341,910
9342,930
9343,924
9344,944
9345,926
9346,920
9347,930
9348,928
9349,938
9350,926
9351,922
9352,928
9353,926
9354,938
9355,932
9356,904
9357,930
9358,952
9359,926
9360,932
9361,948
9362,926
9363,939
9364,946
9365,937
9366,908
9367,928
9368,940
9369,904
9370,932
9371,926
9372,934
9373,944
9374,836
9375,946
9376,908
9377,918
9378,938
9379,932
9380,934
9381,932
9382,926
9383,908
9384,926
9385,936
9386,906
9387,930
9388,918
9389,936
9390,930
9391,948
9392,942
9393,929
9394,944
9395,924
9396,927
9397,928
9398,934
9399,932
9400,942
9401,944
9402,934
9403,947
9404,936
9405,952
9406,930
9407,948
9408,937
9409,912
9410,942
9411,946
9412,932
9413,930
9414,930
9415,952
9416,929
9417,947
9418,920
9419,926
9420,916
9421,920
9422,912
9423,926
9424,910
9425,931
9426,937
9427,929
9428,936
9429,910
9430,920
9431,918
9432,922
9433,933
9434,924
9435,928
9436,932
9437,933
9438,936
9439,820
9440,924
9441,920
9442,930
9443,936
9444,931
9445,920
9446,932
9447,924
9448,924
9449,914
9450,948
9451,922
9452,912
9453,935
9454,928
9455,946
9456,924
9457,946
9458,934
9459,927
9460,930
9461,930
9462,938
9463,928
9464,942
9465,918
9466,946
9467,910
9468,931
9469,898
9470,904
9471,904
9472,928
9473,926
9474,929
9475,931
9476,936
9477,848
9478,916
9479,927
9480,940
9481,922
9482,938
9483,910
9484,924
9485,934
9486,940
9487,918
9488,950
9489,926
9490,932
9491,920
9492,935
9493,940
9494,922
9495,936
9496,940
9497,936
9498,912
9499,919
9500,926
9501,937
9502,948
9503,942
9504,934
9505,916
9506,931
9507,940
9508,942
9509,932
9510,926
9511,926
9512,920
9513,926
9514,923
9515,952
9516,942
9517,922
9518,918
9519,920
9520,928
9521,932
9522,928
9523,916
9524,952
9525,932
9526,912
9527,927
9528,944
9529,942
9530,926
9531,928
9532,926
9533,924
9534,928
9535,936
9536,940
9537,932
9538,920
9539,934
9540,840
9541,940
9542,912
9543,943
9544,932
9545,914
9546,912
9547,930
9548,931
9549,930
9550,922
9551,934
9552,926
9553,940
9554,942
9555,916
9556,938
9557,940
9558,934
9559,930
9560,938
9561,944
9562,932
9563,934
9564,932
9565,924
9566,905
9567,948
9568,916
9569,928
9570,942
9571,924
9572,940
9573,932
9574,940
9575,924
9576,928
9577,958
9578,930
9579,916
9580,816
9581,930
9582,928
9583,926
9584,934
9585,942
9586,945
9587,934
9588,934
9589,937
9590,922
9591,946
9592,944
9593,914
9594,918
9595,914
9596,946
9597,930
9598,930
9599,922
9600,918
9601,932
9602,925
9603,914
9604,942
9605,936
9606,928
9607,936
9608,902
9609,921
9610,944
9611,932
9612,922
9613,924
9614,916
9615,933
9616,932
9617,920
9618,934
9619,938
9620,926
9621,936
9622,928
9623,924
9624,926
9625,930
9626,918
9627,942
9628,928
9629,917
9630,896
9631,926
9632,920
9633,930
9634,936
9635,923
9636,932
9637,926
9638,944
9639,930
9640,924
9641,832
9642,932
9643,922
9644,939
9645,942
9646,932
9647,922
9648,928
9649,938
9650,906
9651,926
9652,936
9653,940
9654,928
9655,932
9656,926
9657,926
9658,926
9659,922
9660,938
9661,931
9662,928
9663,958
9664,946
9665,930
9666,934
9667,946
9668,928
9669,920
9670,954
9671,934
9672,908
9673,928
9674,912
9675,937
9676,930
9677,918
9678,920
9679,934
9680,929
9681,922
9682,939
9683,838
9684,950
9685,940
9686,944
9687,934
9688,956
9689,942
9690,922
9691,934
9692,924
9693,916
9694,920
9695,912
9696,940
9697,906
9698,942
9699,933
9700,938
9701,946
9702,948
9703,940
9704,910
9705,920
9706,914
9707,935
9708,922
9709,938
9710,934
9711,940
9712,910
9713,934
9714,948
9715,908
9716,926
9717,924
9718,926
9719,956
9720,944
9721,920
9722,934
9723,906
9724,926
9725,915
9726,937
9727,926
9728,934
9729,930
9730,930
9731,943
9732,926
9733,906
9734,922
9735,912
9736,914
9737,922
9738,926
9739,911
9740,938
9741,918
9742,826
9743,926
9744,918
9745,926
9746,924
9747,924
9748,920
9749,928
9750,932
9751,930
9752,920
9753,911
9754,914
9755,946
9756,940
9757,922
9758,917
9759,944
9760,934
9761,926
9762,924
9763,928
9764,922
9765,942
9766,932
9767,932
9768,938
9769,924
9770,928
9771,936
9772,920
9773,938
9774,940
9775,941
9776,928
9777,940
9778,938
9779,932
9780,940
9781,952
9782,936
9783,933
9784,924
9785,936
9786,840
9787,936
9788,928
9789,936
9790,949
9791,942
9792,932
9793,922
9794,904
9795,932
9796,926
9797,926
9798,906
9799,932
9800,910
9801,946
9802,944
9803,932
9804,934
9805,934
9806,940
9807,934
9808,922
9809,931
9810,934
9811,934
9812,942
9813,935
9814,942
9815,924
9816,934
9817,938
9818,898
9819,940
9820,932
9821,930
9822,929
9823,943
9824,928
9825,936
9826,926
9827,926
9828,940
9829,941
9830,896
9831,924
9832,928
9833,926
9834,914
9835,920
9836,934
9837,937
9838,926
9839,928
9840,948
9841,924
9842,924
9843,828
9844,938
9845,932
9846,938
9847,928
9848,928
9849,944
9850,942
9851,904
9852,936
9853,921
9854,918
9855,934
9856,924
9857,920
9858,906
9859,934
9860,906
9861,929
9862,934
9863,934
9864,918
9865,940
9866,924
9867,928
9868,936
9869,914
9870,928
9871,938
9872,920
9873,936
9874,930
9875,930
9876,924
9877,941
9878,952
9879,918
9880,928
9881,920
9882,926
9883,926
9884,930
9885,920
9886,936
9887,921
9888,945
9889,853
9890,924
9891,926
9892,922
9893,934
9894,920
9895,934
9896,914
9897,930
9898,936
9899,928
9900,938
9901,936
9902,914
9903,938
9904,912
9905,916
9906,941
9907,918
9908,940
9909,928
9910,944
9911,946
9912,952
9913,938
9914,930
9915,936
9916,934
9917,934
9918,940
9919,926
9920,940
9921,916
9922,924
9923,926
9924,912
9925,944
9926,934
9927,922
9928,928
9929,933
9930,930
9931,946
9932,908
9933,942
9934,946
9935,919
9936,920
9937,940
9938,934
9939,932
9940,936
9941,922
9942,905
9943,936
9944,810
9945,944
9946,932
9947,918
9948,918
9949,954
9950,928
9951,930
9952,936
9953,942
9954,933
9955,916
9956,930
9957,936
9958,912
9959,930
9960,928
9961,903
9962,928
9963,908
9964,942
9965,924
9966,944
9967,916
9968,954
9969,935
9970,944
9971,930
9972,926
9973,946
9974,942
9975,936
9976,926
9977,920
9978,926
9979,928
9980,918
9981,930
9982,940
9983,940
9984,938
9985,942
9986,921
9987,929
9988,934
9989,928
9990,944
9991,916
9992,854
9993,936
9994,950
9995,922
9996,920
9997,926
9998,938
9999,940
